ISBN,Book-Title,Book-Author,Year-Of-Publication,Publisher
2253372,A good woman,Lisa Appignanesi,1996,HarperCollins Publishers
2257084,Dolce Vita,Iseult Teran,1999,HarperCollins Publishers
6119875,KING OF THE CASTLE,Holt Victoria,1969,HarperCollins Publishers
6372570,Don't Ask the Price: The Memoirs of the President of Marks &amp; Spencer,Marcus Sieff,1988,HarperCollins Publishers
6380921,The Kenneth Williams letters,Kenneth Williams,1995,HarperCollins
6713203,The Demon Bike Rider,Robert Leeson,1986,HarperCollins Publishers
7136013,Illustrated Elements of Homeopathy (Illustrated Elements Of...S.),Llana Dannheisser,1998,Element Books
20093616,The NEW COMICS,Bob Callahan,1991,Scribner Paper Fiction
20298226,Mr. Personality: Profiles and Talk Pieces,Mark Singer,1990,Simon &amp; Schuster
25226207,"Cassell's French Dictionary : French-English, English-French",Denis  Girard,1977,John Wiley &amp; Sons
26885514,A Day at the Fair (Alf),Johnson Hill,1987,Holmes &amp; Meier Publishers
30334365,Understanding Computers: Today and Tomorrow 2002 Edition,Deborah Morley,2001,Course Technology
30494702,The Teaching of Reverence for Life.,"Albert, Schweitzer",1965,"Henry Holt &amp; Company, Inc."
60113146,Castle Malindine,Hilary Ford,1975,Harper &amp; Row
60172479,Staying Together: The Control Theory Guide to a Lasting Marriage,William Glasser,1995,Harpercollins
60182970,Coldheart Canyon: A Hollywood Ghost Story,Clive Barker,2001,HarperCollins Publishers
60183101,"Through a Universe Darkly: A Cosmic Tale of Ancient Ethers, Dark Matter, and the Fate of the Universe",Marcia Bartusiak,1993,HarperCollins Publishers
60188618,Throwing the Elephant: Zen and the Art of Managing Up,Stanley Bing,2002,HarperBusiness
60188626,Daughters of Britannia: The Lives and Times of Diplomatic Wives,Katie Hickman,2001,William Morrow &amp; Company
60201983,Rumpelstiltskin,Jonathan Langley,1992,HarperCollins Publishers
60229357,Harold and the Purple Crayon 50th Anniversary Edition,Crockett Johnson,1955,HarperCollins
60268875,The Stars Will Speak,George Zebrowski,1985,HarperCollins Publishers
60517794,Little Altars Everywhere,Rebecca Wells,2003,HarperTorch
006057559X,Year's Best Sf 9 (Year's Best SF (Science Fiction)),David G. Hartwell,2004,Eos
60589272,Eleven Minutes : A Novel,Paulo Coelho,2004,HarperCollins
60664495,The Words of My Perfect Teacher/Kunzang Lama'i Shelung (Sacred Literature),Patrul Rinpoche,1994,HarperCollins
60723521,"Two Old Women : An Alaska Legend of Betrayal, Courage and Survival",Velma Wallis,2004,Perennial
60805951,The Night of Wenceslas (Perennial Library Mystery Series),Lionel Davidson,1982,HarperCollins Publishers
60924586,"Run With the Hunted : Charles Bukowski Reader, A",Charles J. Bukowski,1994,Perennial
60928336,Divine Secrets of the Ya-Ya Sisterhood: A Novel,Rebecca Wells,1997,Perennial
60930683,Shyness : A Bold New Approach,Bernardo J. Carducci Ph.D.,2000,Perennial
60971665,Ideal Bakery,Donald Hall,1988,Harpercollins
60984163,The Late Night Muse: A Novel,Bette Pesetsky,1993,Harpercollins
61006319,Mountain Thunder (Mountain Country),John Legg,1994,Harper Mass Market Paperbacks (Mm)
61008257,Alistair Maclean's Dead Halt : Dead Halt,Alistair MacNeill,1995,HarperTorch
61009814,"Kato Kaelin: The Whole Truth : The Real Story of O.J., Nicole, and Kato",Marc Eliot,1995,Harpercollins
61062820,Dear Sister,John Hall,1995,Harpercollins Juvenile Books
61083755,Danny Boy (Harper Monogram),Leigh Riker,1995,Harper Mass Market Paperbacks
61083860,An Innocent Ruse (Harper Monogram),Mary Morrow,1995,Harper Mass Market Paperbacks (Mm)
61084395,An Unspoken Promise,Georgia Bockoven,1997,Harper Mass Market Paperbacks (Mm)
61090514,The Lies That Bind: A Neil Hamel Mystery,Judith Van Gieson,1994,Harpercollins
62503952,The Dancing Healers : A Doctor's Journey of Healing with Native Americans,Carl A. Hammerschlag,1989,HarperSanFrancisco
62505319,The Woman's Comfort Book : A Self-Nurturing Guide for Restoring Balance in Your Life,Jennifer Louden,1992,HarperSanFrancisco
62515004,Cash: The Autobiography,Johnny Cash,1997,Harpercollins
62516825,Stretching Lessons: The Daring that Starts from Within,Sue Bender,2001,HarperSanFrancisco
62732862,"How to Audition: For TV, Movies, Commercials, Plays, and Musicals (2nd Edition)",Gordon Hunt,1995,HarperResource
64403351,Magic Hat of Mortimer Wintergreen,Myron Levoy,1990,HarperCollins Publishers
64441091,No More Monsters for Me! (I Can Read Book 1),Peggy Parish,1987,HarperTrophy
64471721,X Files YA #02 Eve (X Files YA),Ellen Steiber,1997,HarperEntertainment
64671011,Western Civilization to 1500 (Harpercollins College Outline Series),Walther Kirchner,1991,Perennial
66212529,Horse People: Scenes from the Riding Life,Michael Korda,2003,HarperCollins
66620732,Just for Fun: The Story of an Accidental Revolutionary,Linus Torvalds,2002,HarperBusiness
70291403,Anthropology and the Human Experience,Edward Adamson Hoebel,1979,McGraw-Hill Companies
71416331,Team Bush : Leadership Lessons from the Bush White House,Donald F. Kettl,2003,McGraw-Hill
72227877,Black Ice: The Invisible Threat of Cyber-Terrorism,Dan  Verton,2003,McGraw-Hill Osborne Media
72481765,Workbook/Lab Manual t/a Pasajes: Lengua,Mary Lee  Bretz,2002,McGraw-Hill Humanities/Social Sciences/Languages
91663407,Prince Charles: Horseman,Michael Clayton,1987,S. Paul
91793475,Piranha to Scurfy and Other Stories,Ruth Rendell,0,Random House Uk
91832136,The glade within the grove,David Foster,1996,Vintage
91842050,The Blue Day Book: A Lesson in Cheering Yourself Up,Bradley Trevor Greive,0,Random House Australia
130208876,Terrorism in the Twenty-First Century (2nd Edition),Cynthia Combs,1999,Prentice Hall
130957836,HTML 4.0 CD with JavaScript,Vivian Neou,1998,Prentice Hall PTR
132991241,Algebra and Trigonometry,Max A. Sobel,1995,Prentice Hall
133215474,"5,000 One and Two Liners for Any and Every Occasion",Leopold Fechtner,1978,Prentice Hall Art
133845389,Hawaii 50 A Day,Hammel,1987,Prentice Hall
013400549X,How Managers Make Things Happen,G. S. Odiorne,1982,Prentice Hall
139513108,User's Reference Manual/System Administrator's Reference Manual (Commands a-L for Intel Processors : Unix System V Release 4),UNIX System Laboratories,1992,Prentice Hall
140011528,Purple Plain,Bates,1977,Viking Press
140034919,I'm the King of the Castle,Susan Hill,1977,Penguin USA
140063927,Three Men on the Bummel,Jerome K. Jerome,1983,Penguin USA
140076107,Birth over thirty,Sheila Kitzinger,1985,Penguin Books
140098151,The Good Apprentice,Iris Murdoch,1987,Penguin Books
140110070,The Penguin Book of Contemporary New Zealand Short Stories,Susan Davis,1990,Penguin USA
140110852,The Belles Lettres Papers,Charles Simmons,1988,Penguin USA
140116168,"Dorothy Parker, What Fresh Hell Is This?",Marion Meade,1989,Penguin Books
140119205,Nice Work,David Lodge,1989,Penguin Putnam~trade
140137815,Opportunities: A Handbook of Business Opportunity Search,Edward De Bono,1992,Penguin USA
140251456,Small Ceremonies,Carol Shields,1996,Penguin Books
140265988,Falling Leaves Brit Edition,Adeline Yen Mah,0,Penguin Putnam~trade
140276319,The Penguin History Of The Twentieth Century (Allen Lane History S.),J. M. Roberts,2004,Penguin Books
140283404,Beloved (Penguin Great Books of the 20th Century),Toni Morrison,2000,Penguin Books
140350772,Puck of Pook's Hill (Puffin Classics),Rudyard Kipling,1987,Puffin Books
140367713,Rip Van Winkle and Other Stories (Puffin Classics - the Essential Collection),Washington Irving,1996,Puffin Books
140376283,Phoenix Rising,Karen Hesse,1995,Puffin Books
140384278,Tom's Private War,Leeson,1999,Penguin Uk
140444432,The Divine Comedy : Paradise,Dante Alighieri,1986,Penguin Books
014100522X,Head over Heels in the Dales (Dales Series),Gervase Phinn,2003,Penguin Books
141309199,Slam (Alloy Books),Cecily Von Ziegesar,2000,Puffin Books
141390875,Naval Battles of the First World War (Classic Military History),Geoffrey Bennett,2002,Penguin Books
014200135X,The Dream Machine: J.C.R. Licklider and the Revolution That Made Computing Personal,M. Mitchell Waldrop,2002,Penguin Books
151006431,Elvis in the Morning,William F. Buckley Jr.,2001,Harcourt
151008108,The Ordinary White Boy,Brock Clarke,2001,Harcourt
151112495,The beast in me and other animals;: A collection of pieces and drawings about human beings and less alarming creatures (A Harvest book),James Thurber,1973,Harcourt Brace Jovanovich
155006614,Grammaire Francaise,Jacqueline Ollivier,1993,Heinle &amp; Heinle Publishers
156012979,Silence in October,Jens Christian Grondahl,2002,Harvest Books
156014092,The Secret Lives of Words,Paul West,2001,Harvest Books
156319357,The Flounder (Helen &amp; Kurt Wolff Book),Gunter Grass,1989,Harvest Books
156372118,The Groves of Academe,Mary McCarthy,1992,Harcourt
192717626,The Gauntlet (Oxford Children's Modern Classics),Ronald Welch,1999,Oxford University Press
192813498,Byron (Oxford Authors),Jerome McGann,1986,Oxford Univ Pr (Sd)
192838121,Waves,Virginia Woolf,1998,Oxford Univ Pr
195130065,Surfing Through Hyperspace: Understanding Higher Universes in Six Easy Lessons,Clifford A. Pickover,1999,Oxford University Press
195506065,The Oxford Book of Australian Love Poems,Jennifer Strauss,1998,OUP Australia and New Zealand
198613202,The Concise Oxford Dictionary of Current English: Thumb Indexed,H. W. Fowler,1995,Oxford University Press
201120658,Who got Einstein's office?: Eccentricity and genius at the Institute for Advanced Study,Edward Regis,1987,Addison-Wesley
205161766,Behavior in Organizations: Understanding &amp; Managing the Human Side of Work,Jerald Greenberg,1995,Prentice Hall
207172803,David Malouf: Selected Poems (A &amp; R Modern Poets),David Malouf,1992,Harpercollins
207187320,My Brother Jack,George Johnston,0,Harpercollins Publisher
224031457,Art and Lies Edition,Jeanette Winterson,0,Trafalgar Square
226278727,Teenage Wasteland : Suburbia's Dead End Kids,Donna Gaines,1998,Press
226763749,An Inquiry into the Nature and Causes of the Wealth of Nations/2 Volumes in 1,Adam Smith,1977,University of Chicago Press
246109815,Halliwell's Filmgoer's companion,Leslie Halliwell,1977,Granada Publishing
246137711,The garden of earthly delights,Nicholas Salaman,1993,HarperCollins ;
253216141,Iconography: A Writer's Meditation,Susan Neville,2003,Indiana University Press
283995068,Spencer Tracy: Tragic idol,Bill Davidson,1987,Sidgwick &amp; Jackson
304346942,Renaissance Cross Stitch Samplers,Angela Wainwright,1996,Sterling Pub Co Inc
306808722,Many Masks: A Life of Frank Lloyd Wright,Brendan Gill,1998,Da Capo Press
307001350,The Velveteen Rabbit (Little Golden Book),MARGERY WILLIAMS,1993,Golden Books
307101142,Busy Timmy (First Little Golden Book),Kathryn Jackson,1991,Golden Books
307102467,The little calf that couldn't moo (A First little golden book),Iris Hiskey,1992,Western Pub. Co
307128148,If You Were Kermit (Golden Look-Look Books),Bonnie Worth,1994,Golden Books
307129160,"Disney's Pocahontas: Hello, Funny Face (Golden Look-Look Books)",Margo Lundell,1995,Random House Childrens Books
307134652,I Can Go Potty,Bonnie Worth,1999,Golden Books
310200989,The Insider: A Novel,Jeff Nesbit,1996,Zondervan
310235316,Reaching for the Invisible God,Philip Yancey,2000,Zondervan Publishing Company
312009658,Counted-Thread Embroidery,Helen Fairfield,1987,St Martins Pr
312041454,Secret Sins,Joann Ross,1990,St Martins Pr
312048521,The Sufi Fiddle,Richard Bulliet,1991,St Martins Pr
312080743,Mortal Error: The Shot That Killed JFK,Bonar Menninger,1992,St Martins Pr
312105010,Mercy of a Rude Stream/Limited Edition,Henry Roth,1994,St Martins Pr
312109474,Brotherly Love (Stonewall Inn Mysteries),Randye Lordon,1994,St. Martin's Press
312110197,Late of This Parish,Marjorie Eccles,1994,St Martins Pr
312134371,Christina Rossetti: Selected Poems (Bloomsbury Classic Poetry Series),Prelude Pr,1995,St Martins Pr
312198221,Agatha Raisin and the Wizard of Evesham,M. C. Beaton,1999,St Martins Pr
312242611,The Usual Rules: A Novel,Joyce Maynard,2003,St. Martin's Press
312291450,If Chins Could Kill : Confessions of a B Movie Actor,Bruce Campbell,2002,L.A. Weekly Books
312302487,The Character of Rain: A Novel,Amelie Nothomb,2003,St. Martin's Press
031231826X,Facing the Light,Adele Geras,2004,Thomas Dunne Books
312320191,"SPQR VI: Nobody Loves a Centurion (Decius Metellus, 6)",John Maddox Roberts,2003,St. Martin's Griffin
312857470,Northern Stars: The Anthology of Canadian Science Fiction,David G. Hartwell,1994,St Martins Pr
312872364,"The Veil of a Thousand Tears (The Pearl Saga, Book 2)",Eric Van Lustbader,2002,Tor Fantasy
312922671,Growing Up,Russell Baker,1982,McGraw-Hill
312954255,No One Dies in Branson (Dead Letter Mystery),Kathryn Buckstaff,1995,St Martins Pr
312969376,Biggie and the Fricasseed Fat Man (Biggie Weatherford),Nancy Bell,1999,St. Martin's Minotaur
314045759,Corrections: A Comprehensive View,Ira Silverman,1996,Wadsworth Publishing
316087610,Writing and reading across the curriculum,Laurence Behrens,1985,"Little, Brown"
316104914,Chloe and Maude,Sandra Boynton,1985,Little Brown and Company
316236314,Dinosaurs! : A Drawing Book (Reading Rainbow),Michael Emberley,1985,"Little, Brown"
316289485,Take a Hike!: The Sierra Club Kid's Guide to Hiking and Backpacking,Lynne Foster,1991,Little Brown &amp; Co
316358487,The Red Sea Sharks (The Adventures of Tintin),Herge,1976,"Little, Brown"
316507415,How Good Do We Have to Be?: A New Understanding of Guilt and Forgiveness,Harold S. Kushner,1996,Little Brown &amp; Co
316511684,Little Man: Meyer Lansky and the Gangster Life,Robert Lacey,1991,Little Brown &amp; Co
316655880,Honeymoon: A Novel,Amy Jenkins,2001,Back Bay Books
316798118,"Daisy Says \Here We Go Round the Mulberry Bush\"" (Daisy)""",Jane Simmons,2002,"Little, Brown"
316858315,The Illustrated Virago Book of Women Travellers,Mary Morris,2003,Virago Press (UK)
316902918,Bob Vila's Guide to Buying Your Dream House (Bob Vila's Guide to Buying Your Dream House),Bob Vila,1990,"Little, Brown"
330400665,Monster Mission,Eva Ibbotson,2002,Pan Macmillan
034053964X,Road to Hell,Pawson,1999,Trafalgar Square
345253612,Dragon and the George,Gordon R Dickson,1976,Ballantine Books
345253787,Gateway,Frederik Pohl,1977,Ballantine Books
345286677,Beloved Enemy,Barbara Corcoran,1981,Ballantine Books
345287711,Giants Star,James Hogan,1981,Ballantine Books
345294076,This Life,Sidney Poitier,1981,Ballantine Books
345295706,Incomplete Education,Judy Jones,1987,Ballantine Books
345304268,Deryni Rising (Chronicles of the Deryni),Katherine Kurtz,1981,Ballantine Books
345314867,The Summer of Katya,Trevanian,1984,Ballantine Books
345325907,"The Early Asimov, Book 1 (Early Asimov)",Isaac Asimov,1986,Del Rey Books
345327128,Adventures of Sherlock Holmes,"Arthur Conan, Sir Doyle",1990,Ballantine Books
345335805,Garfield Tips the Scales (Garfield (Numbered Paperback)),Jim Davis,1989,Ballantine Books
345359666,Clan of the Warlord,Elizabeth H. Boyer,1992,Del Rey Books
345364201,B &amp; E,Dave Pedneau,1991,Fawcett Books
345370864,Night Siege: The Hudson Valley Ufo Sightings,J. Allen Hyneck,1991,Ballantine Books
345381769,Best Little Boy in the World,John Reid,1993,Ballantine Books
345384741,Macpherson's Lament: An Elizabeth Macpherson Mystery,Sharyn McCrumb,1993,Ballantine Books
345391683,"Jerusalem: One City, Three Faiths",Karen Armstrong,1997,Ballantine Books
345418905,"Life, the Universe and Everything",Douglas Adams,1997,Ballantine Books
345432487,Dave Barry Hits Below the Beltway: A Vicious and Unprovoked Attack on Our Most Cherished Political Institutions,Dave Barry,2002,Ballantine Books
034543658X,"Mary, Queen of Scots and the Murder of Lord Darnley",Alison Weir,2003,Ballantine Books
345437934,Inner City Blues: A Charlotte Justice Novel,Paula L. Woods,2000,Oneworld Publications
345441338,The Sugar Addict's Total Recovery Program,Kathleen Desmaisons,2002,Ballantine Books
345444841,The Photograph,VIRGINIA ELLIS,2003,Ballantine Books
345458850,Into the Night,SUZANNE BROCKMANN,2002,Ballantine Books
356025020,The wonderful world of Barry McKenzie; (A Gnome book),Barry Humphries,1968,Macdonald &amp; Co
373025017,Man of Teak (Harlequin Romance Series),Sue Peters,1982,Harlequin Books
373030665,"Master Of Cashel (Harlequin Romance, No 3066)",Sara Wood,1990,Harlequin
373033583,"Roses In The Night (Harlequin Romance, No 3358)",Kay Gregory,1995,Harlequin
373033702,"Make - Believe Marriage (Harlequin Romance, No 3370)",Renee Roszel,1995,Harlequin
373034547,"Fate Takes A Hand (Harlequin Romances, No 3454)",Betty Neels,1997,Harlequin
373035926,"One Husband Needed (Hope Valley Brides) (Hope Valley Brides, 3592)",Jeanne Allan,2000,Harlequin
373037074,"Strategy For Marriage  (Contract Brides) (Romance, 3707)",Margaret Way,2002,Harlequin
037305257X,"Shadow Between (Silhouette Desire, No 257)",Diana Stuart,1985,Silhouette
373055323,"Blue Chip Bride (Desire, No 32)",Audra Adams,1989,Silhouette
373059086,"Dad Like Daniel (From Here To Maternity) (Silhouette Desire, No 908)",Elizabeth Bevarly,1995,Silhouette
373075162,"Bride On The Run (Silhouette Intimate Moments, No 516)",Richard Harris,1993,Silhouette
037308417X,"Courtship Of Dani (Silhouette Romances, No 417)",Ginna Gray,1986,Silhouette
373089740,"Wife Worth Waiting For (This Side Of Heaven) (This Side of Heaven, Vol 3)",Arlene James,1993,Silhouette
373092555,Tears In The Rain (Silhouette Special Edition),Pamela Wallace,1985,Silhouette
037309941X,"Jenni Finds A Father (Silhouette Special Edition, No 941)",Brittany Young,1995,Silhouette
373104286,Seduction,Charlotte Lamb,1981,Harlequin
373104561,Summer Fire,Sally Wentworth,1981,Harlequin
373117086,"Tower Of Shadows (Postcards From Europe) (Harlequin Presents, No 1708)",Sara Craven,1994,Harlequin
373118902,Finn'S Twins! (From Here To Paternity) (From Here to Paternity),Ann McAllister,1997,Harlequin
373161255,Changing Places (Harlequin American Romance),Beverly Sommers,1985,Harlequin
373163886,"Father Of The Bride (Harlequin American Romance, No. 388)",Cathy Gillen Thacker,1991,Harlequin
373164955,"Hart'S Obsession (Harlequin American Romance, No 16495)",Jim Wilson,1993,Harlequin
373166842,"Stealing Samantha (Special Cover Treatment) (Harlequin American Romance, No 684)",Charlotte Maclay,1997,Harlequin
373226357,"Midnight Burning (Harlequin Intrigue, No. 635)",Caroline Burnes,2001,Harlequin
373227590,"Silent Storm (Harlequin Intrigue, No. 759)",Amanda Stevens,2004,Harlequin
373230133,When Duty Calls: 2 Novels in 1,Joanna Wayne,2003,Harlequin
373245947,"Love On Call (Silhouette Special Edition, 1594)",Shirley Hailstock,2004,Silhouette
373250673,The Sex Was Great But... (Red Dress Ink),Tyne O'Connell,2004,Red Dress Ink
373251807,Answering Tide (Harlequin Temptation),Regan Forest,1985,Harlequin
373253095,"Wilde 'N' Wonderful (Temptation, No 209)",Joann Ross,1988,Harlequin
373254547,"Naughty Thoughts (Harlequin Temptation, No 354)",Dawn Carroll,1991,Harlequin
373256329,"In Praise Of Younger Men (Harlequin Temptation, No 532)",Lyn Ellis,1995,Harlequin
037325881X,"Drop - Dead Gorgeous (Sweet Talkin' Guys) (Temptation, 781)",Lyn Ellis,2000,Harlequin
373270356,"Volan Curse (Silhouette Shadows, No 27035)",Jane Toombs,1994,Silhouette
373271506,"Warrior'S Bride (Silhouette Intimate Moments, No 1080)",Nina Bruhns,2001,Silhouette
373272022,"Once A Father (Lone Star Country Club) (Silhouette Intimate Moments, No. 1132)",Marie Ferrarella,2002,Silhouette
373273010,Always a McBride  (Those Marrying McBrides!),Linda Turner,2003,Silhouette
373273797,In the Dark (Intimate Moments),Heather Graham,2004,Silhouette
373293186,The Mercenary's Kiss (Historical),Pam Crooks,2004,Harlequin
373301677,Moonbeams Aplenty (Western Lovers - Denim &amp; Diamonds),Mary Lynn Baxter,1987,Silhouette
373581424,In Safekeeping,Naomi Horton,1991,Harlequin Mills &amp; Boon Ltd
373614462,Precision Kill  (Superbolan #46) (Don Pendleton),MacK Bolan,1996,Gold Eagle
373638183,"Parallax Red  (Outlanders #5) (Outlanders , No 5)",James Axler,1998,Gold Eagle
373701233,Love Me Tomorrow,Rosalind Carson,1984,Harlequin
373708009,"Having It All (Family Man) (Superromance , No 800)",Roz Denny Fox,1998,Harlequin
373710461,"WIDE OPEN SPACES - HOME ON THE RANCH (Harlequin Superromance, No. 1046)",Roz Denny Fox,2002,Harlequin
373761031,"Kidnapped Bride (Harlequin Desire, No 1103)",Metsy Hingle,1997,Silhouette
373761791,"Thirty - Day Fiance (The Rulebreakers) (Silhouette Desire, 1179)",Ronnie Banks,1998,Silhouette
373763336,"Irresistible You (Man Of The Month) (Silhoutte Desire, No 1333)",Barbara Boswell,2000,Silhouette
373763840,"Baby of Fortune (Silhouette Desire, No. 1384)",Shirley Rogers,2001,Silhouette
373821921,Dream Chasers,Anne McAllister,1999,Harlequin Books
375420851,Lili : A Novel of Tiananmen,ANNIE WANG,2001,Pantheon
375502823,Another Song About the King,Kathryn Stern,2000,Random House Trade
375821813,Hoot (Newbery Honor Book),CARL HIAASEN,2002,Knopf Books for Young Readers
380004070,Aftermath,Ladislas Farago,1975,Avon
380011220,Creatures of Light and Darkness,Roger Zelazny,1970,Harper Mass Market Paperbacks (Mm)
380414759,Tears of Gold,Laurie McBain,1983,Harper Mass Market Paperbacks (Mm)
380595192,Fire on the Mountain,Edward Abbey,1982,Harper Mass Market Paperbacks (Mm)
380603683,Statues in a Garden,Isabel Colegate,1982,Avon
380633396,"The Stairway to Heaven (Earth Chronicles, No. 2)",Zecharia Sitchin,1999,Avon
038070305X,Search for Grissi,Mary Shura,1990,Harpercollins Juvenile Books
380711478,Bones,Joyce Thompson,1992,Harper Mass Market Paperbacks
380711931,Sniper,Theodore Taylor,1991,HarperTrophy
380718154,Getting to 'I Do',Pat Allen,1995,Perennial Currents
380721406,The Big Wander,Will Hobbs,1994,HarperTrophy
380724928,Devil's Gonna Get Him (Tamara Hayle Mystery),Valerie W. Wesley,1996,Avon
380730464,The Iron Dragon's Daughter,Michael Swanwick,1997,Eos (HarperCollins)
380763400,Only You,Elizabeth Lowell,1992,Avon
380771314,Crimson Kisses,Asa Drake,1981,Harper Mass Market Paperbacks (Mm)
380772906,Lord of Thunder (An Avon Romantic Treasure),Emma Merritt,1994,Harper Mass Market Paperbacks (Mm)
380784319,Protektor,Charles Platt,1996,Harpercollins
380797763,"Eerie Triangle (Eerie, Indiana, No 3)",Mike Ford,1997,HarperTrophy
380822067,Michael McDowell's Blackwater II: The Levee (His Blackwater),Michael McDowell,1983,Avon Books
380978091,The House of Gentle Men,Kathy Hepinstall,2000,William Morrow
381980480,Patriot,Pearl S. Buck,1939,Harpercollins
038502732X,Astounding Analog Reader,Harry Harrison,1973,Doubleday
385152809,Billy Martin,Gene Schoor,1980,Doubleday
385171773,Shared Intimacies : Women's Sexual Experience,Lonnie Barbach,1980,Bantam Dell Pub Group
385236417,Essential Whole Earth Catalog,Point Foundation,1986,Bantam Dell Pub Group
385267932,Open Heart,Abraham B. Yehoshua,1996,Bantam Dell Pub Group
038530613X,Hardware,Linda Barnes,1995,Bantam Dell Pub Group
385316151,Planet of the Blind,Stephen Kuusisto,1998,Bantam Dell Pub Group
038531826X,The Border Hostage,Virginia Henley,2001,Delacorte Press
385323212,Wallace and Gromit in Nick Park's a Close Shave,Graham Marks,1996,Doubleday Books
385335040,Turn of the Century,Kurt Andersen,2000,Delta
038541627X,"Isaac Asimov: The Complete Stories, Vol. 1",Isaac Asimov,1990,Doubleday Books
385495692,The Big Thaw,Donald Harstad,2000,Doubleday
385503016,The True Sources of the Nile : A Novel,SARAH STONE,2002,Doubleday
387950788,The Math of Money,Morton D. Davis,2001,Copernicus Books
393034879,The Norton/Grove Dictionary of Women Composers,Julie Anne Sadie,1995,W. W. Norton &amp; Company
393050041,The Race to the White Continent: Voyages to the Antarctic,Alan Gurney,2000,W.W. Norton &amp; Company
393313093,Stone Virgin,Barry Unsworth,1995,W. W. Norton &amp; Company
393315401,The End of a Primitive (Old School Books),Chester Himes,1997,W. W. Norton &amp; Company
393954781,The Norton Anthology of English Literature (Norton Anthology of English Literature (Hardcover)),M.H. Abrams,1986,W.W. Norton &amp; Company Ltd
394554264,North Dallas After Forty,Peter Gent,1989,Random House Inc
394555392,"Living a Beautiful Life: Five Hundred Ways to Add Elegance, Order, Beauty and Joy to Every Day of Your Life",Alexandra Stoddard,1986,Random House
394844874,Sea Creatures Do Amazing Things (Step-Up Books),Arthur Myers,1981,Random House Children's Books
039486056X,"Lovable Furry Old Grover's Resting Places: Featuring Grover, a Jim Henson Sesame Streeet Muppet (Random House Picturebacks)",Jon Stone,1984,Random House Children's Books
395247586,Road Goes Ever on,J. R. R. Tolkien,1978,Houghton Mifflin
395389232,The Road to Damietta,Scott O'Dell,1985,Houghton Mifflin Co
395478049,Offshore,Penelope Fitzgerald,1998,Mariner Books
395528054,A Visit to the Big House,Oliver Butterworth,1993,Houghton Mifflin Company
395657466,Everybody's Daughter (Sandpiper Houghton Mifflin Books),Marsha Qualey,1993,Houghton Mifflin Co (Jp)
395664004,"Toby Scudder, King of the School",David Gifaldi,1993,Clarion Books
395686660,Knowledge of Angels,Jill Paton Walsh,1994,Houghton Mifflin Company
396072933,Race Against Death: A True Story of the Far North,Seymour Reit,1976,Dodd Mead
399141073,Where I Stopped: Remembering Rape at Thirteen,Martha Ramsey,1996,Putnam Pub Group
399145974,"Strong Women, Strong Bones : Everything You Need to Know to Prevent, Treat, and Beat Osteoporosis",Miriam Nelson,2000,Putnam Publishing Group
399512330,Break the Dealer: Winning Strategies for Today's Blackjack,Jerry Patterson,1986,Berkley Pub Group
399524150,4 Months to A 4 Hour Marathon,Dave Kuehls,1998,Perigee Books
399528822,How to Survive Your Husband's Midlife Crisis: Strategies and Stories from the Midlife Wives Club,Gay Courter,2003,Perigee Books
415922801,"Lies We Live By : Defeating Doubletalk and Deception in Advertising, Politics, and the Media",Carl Hausman,1999,Routledge
425051552,Laughter/Best Medicin,Readers Digest,1981,Berkley Publishing Group
425082075,Shadowland,Peter Straub,1985,Berkley Publishing Group
425109216,David Letterman Story,Caroline Latham,1988,Berkley Publishing Group
425144062,Witches' Bane,Susan Wittig Albert,1994,Berkley Publishing Group
425151948,"Remember Me (Dear Diary, No 2)",Cheryl Lanham,1996,Berkley Publishing Group
425156931,Silencing the Voices: One Woman's Triumph over Multiple Personality Disorder,Jean Darby Cline,1997,Berkley Publishing Group
425157644,Silverthorne,Wayne Davis,1997,Berkley Publishing Group
425159418,Rueful Death: A China Bayles Mystery,Susan Wittig Albert,1997,Berkley Publishing Group
425182681,The Keys of Hell,Jack Higgins,2001,Berkley Publishing Group
425186431,Tart Noir,Stella Duffy,2002,Berkley Publishing Group
435221205,Hobson's Choice (Hereford Plays),Harold Brighouse,1992,Heinemann Educational Books - Secondary Division
439011574,Hippo Murderous Maths: The Essential Arithmetricks,Kjartan Poskitt,1999,Scholastic Paperbacks (Mm)
439282500,Take a Look and See . . . Every Inch of Me (Healthy Beginnings),Scholastic Inc and Wyeth Lederle Vaccines,2000,Scholastic Inc
439434548,Kids Are Authors: Band of Coyotes,Scholastic,2002,Scholastic
439542502,Scholastic Book of World Records 2004 (Scholastic Book of World Records),Jenifer Corr Morse,2003,Scholastic Reference
440065569,Neighbors: A novel,Thomas Berger,1980,Delacorte Press/Seymour Lawrence
440108268,The Bridge Across Forever,Richard Bach,1986,Dell
440156092,Lucy,Marion Chesney,1987,Dell Publishing Company
440201519,Wildlife,Todd Strasser,1988,Laurel-Leaf Books
044020562X,One,Richard Bach,1989,Dell
440222362,Hard Evidence: How Detectives Inside the Fbi's Sci-Crime Lab Have Helped Solve America's Toughest Cases,David Fisher,1996,Dell
440223512,"Personal Agendas (Babylon 5, Book 8)",Al Sarrantonio,1997,Dell
440227410,Hawk Moon (Laurel-Leaf Books),Rob MacGregor,1998,Laurel-Leaf Books
440400589,Doctor Dolittle's Circus,Hugh Lofting,1988,Yearling Books
440475821,Ralph S. Mouse,Beverly Cleary,1983,Yearling Books
440484618,Something Queer at the Haunted School (Yearling Book),Elizabeth Levy,1983,Yearling Books
044048605X,Tennis Shoes,Noel Streatfeild,1984,Yearling Books
440503124,The Bob Book: A Celebration of the Ultimate Okay Guy,David Rensin,1991,Dell Publishing Company
440507421,The Book of Phoebe,Mary-Ann T. Smith,1986,Dell Publishing Company
440845335,Jungles &amp; rain forests (Explorer books),Julia L Andrews,1991,Trumpet Club
440910560,Shadowmaker,Joan Lowery Nixon,1995,Bantam Doubleday Dell Publishing Group
440975700,Running Loose,Chris Crutcher,1986,Laure Leaf
441002633,Dragon Rescue,Don Callander,1995,Ace Books
441002897,Tek Power,William Shatner,1995,Ace Books
441008739,Lady Crymsyn (The Vampire Files),P. N. Elrod,2001,Ace Books
441011462,Angelica: A Novel of Samaria,Sharon Shinn,2004,Ace Books
441141684,Death by Dreaming,Jon Manchip White,1982,Ace Books
441693237,Quantum Leap: Too Close for Comfort (Quantum Leap),Ashley McConnell,1993,Ace Books
441780539,Starfarers,Vonda N. McIntyre,1989,Ace Books
441832849,Groa's Other Eye (Twilight of the Gods Book II),Dennis Schmidt,1986,Ace Books
445408642,Curses!,Aaron Elkins,1994,Warner Books (Mm)
446527556,What Clients Love: A Field Guide to Growing Your Business,Harry Beckwith,2003,Warner Books
446527769,Behind the Smile: My Journey Out of Postpartum Depression,Marie Osmond,2001,Warner Books
446528072,"The Battle of Evernight (The Bitterbynde, Book 3)",Cecilia Dart-Thornton,2003,Aspect
446532177,Regrets Only,Nancy Geary,2004,Warner Books
446601993,Silent Son,Gallatin Warfield,1995,Warner Books
446670588,Official Slacker Handbook,Sarah Dunn,1994,Warner Books
446679712,How to Calm Down: Three Deep Breaths to Peace of Mind,Fred L. Miller,2003,Warner Books
446907901,The Keepsake,Paul Huson,1981,Warner Books
044690919X,Le Gette's Calorie Encyclopedia,Bernard Le Gette,1983,Warner Books
448401010,The Little Engine That Could (Board Book),Watty Piper,1991,Platt &amp; Munk
448401231,Who Says Quack? (Pudgy Board Book),Jerry Smith,1991,Grosset &amp; Dunlap
449138364,Crossfire Trail,Louis L'Amour,1978,Ballantine Books (Mm)
449138488,"Nice to See You, Andy Capp!",Reginald Smythe,1981,Ballantine Books
449147878,Texas Wedding,Catherine Creel,1995,Ivy Books
449148769,Caroline's Daughters,Alice Adams,1993,Fawcett Books
449149595,Elected for Death,Valerie Wolzien,1996,Fawcett Books
449205800,Minerva,Marion Chesney,1984,Fawcett Books
449210650,Assignment in Brittany,Helen MacInnes,1986,Fawcett Books
449212122,The Road Unseen,Peter Jenkins,1987,Fawcett Books
449228754,Circus,Alistair Maclean,1981,Ballantine Books
449244709,Control Tower,Robert Davis,1981,Fawcett Books
449702383,The Club,Patricia Aks,1988,Fawcett Books
449909018,"Sexual Dreams: Why We Have Them, What They Mean",Gayle Delaney,1994,Fawcett Books
450610039,Dead of Light (New English Library (Hodder and Stoughton).),Chaz Brenchley,1997,Trafalgar Square
451144309,Outrageous Fortune,Meredith Land Machin,1986,New American Library
451148959,Islands in the Sky,Arthur C. Clarke,1987,New Amer Library (Mm)
451154983,Mastering the Tarot,Eden Gray,1988,Signet Book
451156617,Red Snow,Edward Topol,1988,New American Library
451160576,"Coin of the Realm (Destroyer, No 77)",Warren Murphy,1989,New Amer Library (Mm)
451177398,Courting Julia (Signet Regency Romance),Mary Balogh,1993,Signet Book
451180836,A Cat in Fine Style: An Alice Nestleton Mystery (Alice Nestleton Mysteries (Paperback)),Lydia Adamson,1995,Signet Book
451200489,Close Encounters,Sandra Kitt,2000,Signet Book
451204379,Never Kissed Goodnight,Edie Claire,2001,Signet Book
451204891,The Hearing,John Lescroart,2002,Signet Book
045120834X,Murder of a Snake in the Grass (Scumble River Mysteries),Denise Swanson,2003,Signet Book
451208757,Son of Holmes,John Lescroart,2003,New American Library
451402596,The Fire and the Fury,Anita Mills,1991,New Amer Library
451405927,Martians in Maggody: An Arly Hanks Mystery (Arly Hanks Mysteries (Paperback)),Joan Hess,1995,Onyx Books
451408950,The Heart and Soul of Nick Carter: Secrets Only a Mother Knows,Jane Carter,1998,Onyx Books
451519574,Gulliver's Travels,Jonathan Swift,1978,Signet Book
451521080,Silas Marner,George Eliot,1987,Signet Book
451521633,The Comedy of Errors,Harry T. Levin,1986,New Amer Library Classics
451626745,Way of Life,Tzu Lao,1992,Signet Book
451627466,The Decameron,Giovanni Boccaccio,1989,Signet Book
451628438,Collected Stories of Charles W. Chesnutt,Charles W. Chesnutt,1992,Signet Book
451628454,"Other Voices, Other Vistas: Short Stories from Africa, China, India, Japan, and Latin America",Barbara H. Solomon,1996,Signet Book
452266831,The Best of Lord Krishna's Cuisine: Favorite Recipes from the Art of Indian Vegetarian Cooking,Yamuna Devi,1991,Plume Books
452270863,"How to Attract Anyone, Anytime, Anyplace: The Smart Guide to Flirting",Susan Rabin,1993,Plume Books
452276381,The African-American Kitchen: Cooking from Our Heritage,Angela Shelf Medearis,1997,Plume Books
452276608,The Exploding Suns: The Secrets of the Supernovas,Isaac Asimov,1996,Plume Books
460879146,Sense &amp; Sensibility (Everyman's Poetry Series),Jane Austin,1997,Everymans Library
465004180,Are We Alone?: Philosophical Implications of the Discovery of Extraterrestrial Life,P. C. W. Davies,1995,HarperCollins
465050522,"The Real State of the Union: From the Best Minds in America, Bold Solutions to the Problems Politicians Dare Not Address (New America Book)",Ted Halstead,2004,Basic Books
470820578,The 360 Degree Brand in Asia: Creating More Effective Marketing Communications,Mark  Blair,2003,John Wiley &amp; Sons
471116300,"Hook Up, Get Hired!: The Internet Job Search Revolution",Joyce Lain Kennedy,1995,John Wiley &amp; Sons
471240443,Life by the Numbers,Keith  Devlin,1998,Wiley
471253111,Secrets and Lies : Digital Security in a Networked World,Bruce  Schneier,2000,Wiley
486259935,Green Mansions: A Romance of the Tropical Forest (Dover Books on Literature and Drama),W. H. Hudson,1989,Dover Publications
491034156,Every day of the week: An Alan Sillitoe reader,Alan Sillitoe,1987,W.H. Allen
515061328,Meeting with the Past,Caroline Halter,1981,Jove
515063886,Open Wings (Open Wings),Barbara Cartland,1982,Jove Books
515090255,Cross and the Switchblade,David Wilkerson,1986,Jove Books
515120669,A Spirited Seduction (Haunting Hearts),Casey Claybourne,1997,Jove Books
517583569,The Little Grain Cookbook,Patricia Stapley,1991,Random House Inc
521799120,Life on Other Worlds: The 20th Century Extraterrestrial Life Debate,Steven J. Dick,2001,Cambridge University Press
525275452,The Cat Who Wished to Be a Man,Lloyd Alexander,1973,Penguin USA
525323155,The House in Norham Gardens,Penelope Lively,1974,Penguin USA
054006436X,Surrey Street Atlas,George Philip &amp; Son,1996,Survey
552142131,A Dog Called Demolition,Robert Rankin,1996,"Acacia Press, Inc."
553106392,Mica Highways,William Elliott Hazelgrove,1998,Bantam Dell Pub Group
553154230,E Brown/Takes Case/ (Encyclopedia Brown (Paperback)),Donald J. Sobol,1982,Yearling Books
553155881,"Class Trip (Sweet Valley Twins Super Edition, No 1)",Francine Pascal,1988,Sweet Valley
553159585,Wingman,Daniel Pinkwater,1992,Skylark Books
553217488,Mysterious (Loveswept),Fayrene Preston,1986,Bantam Books
553238299,Wheels,Arthur Hailey,1973,Bantam Books
553241907,Flowers for the Judge,Margery Allingham,1984,Bantam
553242318,Preparing for Adolescence,James C. Dobson,1983,Bantam Books
553248731,Evidence of Love,John Bloom,1985,Bantam Books
553248944,Skystalker (Be An Interplanetary Spy No. 12),Len Neufeld,1985,Bantam Books
553254340,Film Scenes for Actors,Joshua Karton,1991,Bantam Books
553274600,"The Sacred Hills (Spanish Bit 72 Saga Book, No 8)",Don Coldsmith,1988,Bantam Books
553275968,"Out of Reach (Sweet Valley High, No 50)",Francine Pascal,1988,Sweet Valley
553284495,The Divided Heart,Susan Bowden,1990,Bantam Books
553289543,"Guinness Book of World Records, 1990-1991",Donald McFarlan,1991,Bantam Books
553297201,"The Party (18 Pine St No, 2)",Walter Dean Myers,1992,Bantam Books
553298798,The Best Treatment,Isadore Rosenfeld,1992,Bantam Books
553404881,Forward the Foundation,Isaac Asimov,1994,Bantam
553561774,A Deadly Promise (A Bantam Starfire Book),Joan Lowery Nixon,1993,Starfire
553581287,Death of a Baritone (Music Lover's Mysteries),Karen Sturges,1999,Bantam Books
553581546,The Phoenix Code,Catherine Asaro,2000,Spectra Books
553801686,Legacy of the Dead: An Inspector Ian Rutledge Mystery (Inspector Ian Rutledge Mysteries (Hardcover)),Charles Todd,2000,Bantam Books
563487771,When Will I Be Famous: Travels Through the Dark Side of Show Business,Martin Kelner,2003,BBC
570060095,The Story of Noah's Ark,Jane Latourette,2000,Concordia Publishing House
571199224,Offseason: A Novel,Naomi Holoch,1997,Farrar Straus &amp; Giroux
575046066,Guards! Guards (A Discworld Novel),Terry Pratchett,1989,Sterling Pub Co Inc
582468949,Penguin Quick Guides: Common Errors in English (Penguin Quick Guides),Paul Hancock,2001,Penguin Longman Publishing
582489202,The Literature of Terror: A History of Gothic Fictions from 1765 to the Present Day,David Punter,1980,Longman Publishing Group
582530083,Animal Farm (Bridge),Naura Hayden,1945,Longman Group United Kingdom
586209816,Black Plume,David Madsen,1991,HarperCollins Publishers
590222333,Quake!,Joe Cottonwood,1996,Scholastic
590307223,Ricky Ricotta's Mighty Robot Vs. the Mutant Mosquitoes from Mercury: The Second Robot Adventure Noel (Ricky Ricotta),Dav Pilkey,2000,Scholastic
590317822,Just Plain Cat,Nancy K Robinson,1981,Scholastic Inc
059032845X,Catch the Ball! (Play-and-Read Book),Eric Carle,1998,Cartwheel Books (Scholastics)
590409786,The Winter of the Owl,June Hanson,1987,Scholastic Paperbacks (Mm)
590416677,Margaret's Moves,Berniece Rabe,1988,Scholastic Paperbacks (Mm)
590418386,Slam Book,Ann M. Martin,1989,Scholastic
590431862,Magic of the Black Mirror,Ruth Chew,1996,Scholastic Paperbacks (Mm)
590434624,The Ghosts of Hungryhouse Lane,Sam McBratney,1990,Scholastic Paperbacks (Mm)
059045479X,Gemma and the Baby Chick,Antonia Barber,1993,Scholastic Paperbacks
590470485,"Karen's Lucky Penny (Baby-Sitters Little Sister, 50)",Ann M. Martin,1994,Scholastic
590477641,Amelia Bedelia,Peggy Parish,1993,Scholastic Inc.
590481126,Witches Don't Do Backflips (Adventures of the Bailey School Kids (Paperback)),Debbie Dadey,1994,Scholastic
590845721,Tonka Big Book of Trucks,Patricia Relf,1996,Scholastic
059086369X,The Case of the Sea World Adventure (The Adventures of Mary Kate and Ashley),Cathy East Dubowski,1996,Scholastic
590907298,Triplet Trouble and the Pizza Party (Triplet Trouble),Debbie Dadey,1996,Scholastic
060037811X,Country Life Book of the Royal Wedding,Lornie Leete Hodge,0,Hamlyn Publ Group Ltd
609602829,"Pillsbury One-Dish Meals Cookbook: More Than 300 Recipes for Casseroles, Skillet Dishes and Slow-Cooker Meals",The Pillsbury Co.,1999,Clarkson N Potter Publishers
614154898,Darksaber,Kevin J. Anderson,1995,Bantam Books
618127453,Sparks of Genius: The Thirteen Thinking Tools of the World's Most Creative People,Robert S. Root-Bernstein,2001,Mariner Books
618155481,"Braving Home: Dispatches from the Underwater Town, the Lava-Side Inn, and Other Extreme Locales",Jake Halpern,2003,Houghton Mifflin Company
067003200X,Aunt Dimity Takes a Holiday,Nancy Atherton,2003,Viking Books
670033499,Author Author,David Lodge,2004,Viking Books
670808423,Tone Deaf and All Thumbs?: An Invitation to Music-Making for Late Bloomers and Non-Prodigies,Frank R. Wilson,1986,Penguin USA
670823597,The Second World War,John Keegan,1989,Penguin USA
670829617,The Concubine's Children/the Story of a Chinese Family Living on Two Sides of the Globe,Denise Chong,1995,Penguin USA
670847895,The Heather Blazing,Colm Toibin,1993,Penguin USA
067086014X,Songs in Ordinary Time (Oprah's Book Club (Hardcover)),Mary McGarry Morris,1995,Viking Books
670870218,Liberty!: The American Revolution,Thomas Fleming,1997,Viking Books
670882356,When Character Was King: A Story of Ronald Reagan,Peggy Noonan,2001,Viking Books
670882372,House of Steps: Finding the Path Home,Amy Blackmarr,1999,Penguin USA
670896888,Empress of the World,Sara Ryan,2001,Viking Juvenile
671003526,DEADLINE,John Dunning,1997,Pocket
671006894,Tales and Poetry of Edgar Allan Poe,Edgar Allan Poe,1988,"Hungry Minds, Inc"
671016806,BEN THERE DONE THAT SABRINA THE TEENAGE WITCH 6 (Sabrina The Teenage Witch),Joseph Locke,1998,Simon Spotlight Entertainment
067101966X,Sweet Fortune,Jayne Ann Krentz,1998,Pocket
671035746,Hawke's Cove,Susan Wilson,2001,Pocket
671035770,The Good Earth (Contemporary Classics),Pearl S. Buck,1999,Washington Square Press
671041649,The Crimson Spell (Charmed),F. Goldsborough,2000,Simon Spotlight Entertainment
671443356,MURDER COMES 1ST (Mr. &amp; Mrs. North Mystery),Frances Lockridge,1982,Pocket
671450344,HIGHLAND VELVET,Jude Deveraux,1982,Pocket
671452665,Flowers in the Attic,V.C. Andrews,1982,Pocket
671473166,The Official Lawyer's Handbook,D. Robert White,1983,Simon &amp; Schuster
671496557,"ENGLISH ROSE (Tapestry Romance, No. 26)",Kelli M. Gary,1983,Pocket
671525344,The Third Pandemic: A Novel,Pierre Ouellette,1996,Pocket Books
671529536,HOUSE OF WHISPERS FEAR STREET SAGAS 2,R.L. Stine,1996,Simon Pulse
671559974,MASTER SPACE TIME,Rudy Rucker,1985,Baen
671571575,"Game Of Chance (Silhouette Romance, #157)",Donna Vitek,1982,Silhouette Books
671602217,MURDER W MIRRORS,Agatha Christie,1985,Pocket
671628860,NEGOTIATE TO CLOSE : HOW TO MAKE MORE SUCCESSFUL DEALS,Gary Karrass,1987,Fireside
671646982,TROUBLE IN TAHITI: NANCY DREW FILES #31 (The Nancy Drew Files Case 31),Carolyn Keene,1989,Simon Pulse
671658425,Mythic Tarot Workbook,Juliet Sharman-Burke,1988,Fireside
067166218X,POSTCARDS FRM EDGE,Angela Fisher,1988,Pocket
671668595,Mousekin's Thanksgiving,Edna Miller,1988,Simon &amp; Schuster
671693565,ELEGY IN A COUNTRY GRAVEYARD : ELEGY IN A COUNTRY GRAVEYARD,Audrey Peterson,1990,Pocket
671727176,"SECRET OF SIGMA SEVEN (HARDY BOYS 110) : SECRET OF SIGMA SEVEN (Hardy Boys, The)",Franklin W. Dixon,1991,Aladdin
671730525,"CASE OF THE ARTFUL CRIME (NANCY DREW 106) : CASE OF THE ARTFUL CRIME (Nancy Drew Mystery Stories, No 106)",Carolyn Keene,1992,Aladdin
671731807,LEGACY OF THE ROSE : LEGACY OF THE ROSE,Kasey Michaels,1992,Pocket
067173203X,My Sister Is Driving Me Crazy,Mary E. Ryan,1991,Simon &amp; Schuster
671741772,MY TEACHER IS AN ALIEN (RACK SIZE),Bruce Coville,1990,Aladdin
671743260,"SONGS OF THE DOOMED : SONGS OF THE DOOMED (Thompson, Hunter S. Gonzo Papers, V. 3.)",Hunter S. Thompson,1991,Pocket
671745212,The Magic of Believing,Claude M. Bristol,1991,Pocket
671746723,Dirk Gently's Holistic Detective Agency,Douglas Adams,1991,Pocket Books
067178501X,PALMISTRY : HOW TO CHART THE LINES OF YOUR LIFE,Roz Levine,1993,Fireside
671792229,AUTO INSURANCE ALERT!: WHY THE SYSTEM STINKS HOW TO FIX IT WHAT TO DO MEANTIME : Overcoming the Crisis in Manufacturing,Andrew Tobias,1993,Fireside
671817078,HELOISE ARND HSE,Heloise,1977,Pocket
671884174,The Performing Arts Major's College Guide,Carole J. Everett,1994,John Wiley &amp; Sons
671887289,THREE STEPS TO A STRONG FAMILY,Linda &amp; richard Eyre,1994,Simon &amp; Schuster
673525104,Conformity and Conflict: Readings in Cultural Anthropology,James P. Spradley,1996,Addison-Wesley Pub Co
674382269,Haunting of Sylvia Plath (Convergences),Jacqueline Rose,1993,Harvard University Press
674792912,Science in Action: How to Follow Scientists and Engineers Through Society,Bruno Latour,1988,Harvard University Press
679001549,Fodor's 1999 Washington D.C.. (Fodor's Gold Guides),Fodor's,1998,Fodor's Travel Publications
679401350,Damage,Josephine Hart,1991,Random House Inc
679403612,Saint Maybe,Anne Tyler,1991,Random House Inc
679424105,The Factory of Facts,Luc Sante,1998,Random House Inc
679431152,Disclosure,Michael Crichton,1994,Random House Audio Publishing Group
067943979X,The Lost Children of Wilder : The Epic Struggle to Change Foster Care,Nina Bernstein,2001,Pantheon Books
679439838,The Book of Color: A Novel,Julia Blackburn,1995,Random House Inc
679441832,The Magic Mountain,THOMAS MANN,1995,Knopf
679450440,Protect and Defend,Richard North Patterson,2000,Random House Inc
679641041,Blood Meridian : Or the Evening Redness in the West (Modern Library),CORMAC MCCARTHY,2001,Modern Library
679764275,The F Word,Jesse Sheidlower,1995,Random House Reference Publishing
679804099,Breakfast-Time for Thomas (Thomas the Tank Engine Mini-Storybooks),W. Awdry,1990,Random House Children's Books
679867120,Daisy-Head Mayzie,DR SEUSS,1995,Random House Books for Young Readers
679871500,The Squishy Prince (Bump in the Night),Michael Novak,1995,Random House Childrens Books
679890688,"Revolutionary War On Wednesday (Magic Tree House 22, paper)",Mary Pope Osborne,2000,Random House Children's Books
681007982,"I, Vampire",Jean Marie Stine,1995,Longmeadow Press
684192608,Swimming in the Volcano: A Novel,Bob Shacochis,1993,Simon &amp; Schuster
684810395,Pretend You Don't See Her,Mary Higgins Clark,1997,Simon &amp; Schuster
684824663,LETTERS TO A YOUNG VICTIM : Hope and Healing in America's Inner Cities (Free Press Paperbacks),Armstrong Williams,1996,Scribner Paper Fiction
684857960,The Scribner Anthology of Contemporary Short Fiction : Fifty North American American Stories Since 1970,Michael Martone,1999,Touchstone
684867931,Is He Gay? : For Every Woman Who's Met the Ideal Man and is Wondering...Why Hasn't he Tried to Kiss Me?,Ed Baker,2000,Fireside
684868091,Front Row at the White House : My Life and Times,Helen Thomas,2000,Scribner
684870819,Chocolate For A Teens Soul : Lifechanging Stories For Young Women About Growing Wise And Growing Strong,Kay Allenbaugh,2000,Fireside
688013546,The Tao of Symbols,James N. Powell,1982,Quill
688059457,The Puppy Who Wanted a Boy,Jane Thayer,1986,HarperCollins Publishers
688071872,My Friends,Nancy Tafuri,1987,HarperTrophy
068812660X,My Life with the Wave,Catherine Cowan,1997,HarperCollins
688143687,Serpent's Tooth: A Peter Decker/Rina Lazarus Novel (Peter Decker &amp; Rina Lazarus Novels (Hardcover)),Faye Kellerman,1997,William Morrow &amp; Company
688166393,Bandits,Elmore Leonard,1999,Perennial
688177883,The Scientist in the Crib : What Early Learning Tells Us About the Mind,Alison Gopnik,2000,Perennial
068971372X,Pig William (Reading Rainbow),Arlene Dubanevich,1990,Simon &amp; Schuster Merchandise &amp;
689803702,Richard Scarry: Camping Out (The Busy World of Richard Scarry),Richard Scarry,1995,Simon Spotlight
689818173,Landry News,Andrew Clements,1999,Simon &amp; Schuster Children's Publishing
689848048,River Boy,Tim Bowler,2002,Simon Pulse
689851928,America : A Patriotic Primer,Lynne Cheney,2002,Simon &amp; Schuster Children's Publishing
691017778,"The Myth of the Eternal Return: Or, Cosmos and History",Mircea Eliade,1971,Princeton University Press
691025487,Politics in Black and White,Raphael J. Sonenshein,1994,Princeton University Press
694015091,So Big! (Playtime Rhyme),Public Domain,2001,HarperFestival
069727862X,Diversity of Life,F. Ross,1996,McGraw Hill College Div
069810806X,Little Angie,Emma Cave,1977,"Coward, McCann &amp; Geoghegan"
702230782,Republic of Women,Merrill Findlay,1999,Intl Specialized Book Service Inc
708832725,"Seeds of Love: Part 1 of \The Shadow of the Elephant\""""",Valerie Georgeson,1992,Time Warner Books UK
711910677,Lou Reed and the Velvet Underground,Diana Clapton,1987,Music Sales Corporation
719553466,Last Post: The End of Empire in the Far East,John Keay,1997,John Murray General Publishing Division
727853953,The Murderers (Badge of Honor Novels (Hardcover)),W. E. B. Griffin,1998,Severn House Publishers
727854119,The Mary Celeste,Brian Freemantle,1999,Severn House Publishers
731800613,So Different,Stirling,1989,Prentice Hall (a Pearson Education company)
073571150X,Building Accessible Websites (With CD-ROM),Joe  Clark,2002,New Riders
739430904,An Honorable Man,Rosemary Rogers,2002,Mira
740700235,Life Messages: Inspiration For The Woman's Spirit,Josephine Carlton,2002,Andrews McMeel Publishing
743206983,The Death of Mr Love,Indra Sinha,2002,Simon &amp; Schuster (Trade Division)
743223314,"More, Now, Again: A Memoir of Addiction",Elizabeth Wurtzel,2002,Touchstone Books
743225228,Tempting Faith DiNapoli : A Novel,Lisa Gabriele,2002,Simon &amp; Schuster
743246918,Silent Night/All Through the Night : Two Christmas Novels,Mary Higgins Clark,2002,Simon &amp; Schuster
743251423,Who Moved My Soap? : The CEO's Guide to Surviving in Prison,Andy Borowitz,2003,Simon &amp; Schuster
743410602,Irresistible (Banning Sisters Trilogy),Karen Robards,2002,Pocket
074341277X,Cameo Lake,Susan Wilson,2002,Pocket
743421914,Look to Windward,Iain M. Banks,2001,Star Trek
743435451,"War of Honor (Honor Harrington Series, Book 10)",David Weber,2002,Baen
743437489,The Case of the Creative Crime,Carolyn Keene,2002,Aladdin
743456831,Gateways #7:  What Lay Beyond (Star Trek),Diane Carey,2002,Star Trek
743470095,Little Earthquakes : A Novel,Jennifer Weiner,2004,Atria
746000693,The Usborne First Book of the Recorder,Phillip Hawthorn,1987,E D C Pub
746029357,101 Things to Do With Your Computer (Usborne Computer Guides),Gillian Doherty,1998,E.D.C. Publishing
747521018,Blind Fury (Ironfist Chinmi - Kung Fu Boy),Takeshi Maekawa,1995,Bloomsbury Publishing Plc
749306734,To the Devil a Daughter,Denis Wheatley,1991,Mandarin
749397942,The Rationalist,Warwick Collins,1994,Minerva
749702729,Pig Tale (Picture Mammoth),Helen Oxenbury,1990,Egmont Childrens Books
749933321,Seaswept,Nora Roberts,2002,Judy Piatkus Publishers Ltd
750914769,Food and Feast in Tudor England,Alison Sim,1998,"Alan Sutton Publishing, Ltd."
753451840,The Kingfisher Book of Toy Stories,Laura Cecil,2000,Kingfisher
075350491X,The People's Lawyer,Philip Ells,2002,Virgin Publishing
759228086,The Silver Sun,Nancy Springer,2002,ereads.com
759652406,Naked Beneath My Clothes: Tales of a Revealing Nature,Rita Rudner,2001,Authorhouse
761120165,Beer-Can Chicken: And 74 Other Offbeat Recipes for the Grill,Steven Raichlen,2002,Workman Publishing
761986286,The McDonaldization of Society,George Ritzer,2000,Pine Forge Press
763603112,Where's Waldo?: In Hollywood (Wheres Waldo),Martin Hanford,1997,Candlewick Press (MA)
764224409,"A New Dawn over Devon (The Secrets of Heathersleigh Hall, 4)",Michael Phillips,2001,Bethany House Publishers
764227238,"The Beloved Land (Song of Acadia, 5)",Janette Oke,2002,Bethany House Publishers
764508938,Windows XP for Dummies,Andy  Rathbone,2001,For Dummies
764515489,Windows XP All-in-One Desk Reference for Dummies,Woody  Leonhard,2001,For Dummies
764555030,Islam for Dummies,Malcolm  Clark,2003,For Dummies
076530046X,Not Really the Prisoner of Zenda: A Guardians of the Flame Novel,Joel Rosenberg,2003,Tor Books
765305992,The Blue Widows,Jon Land,2003,Forge
076790303X,The Science of God: The Convergence of Scientific and Biblical Wisdom,Gerald L. Schroeder,1998,Broadway Books
769604285,Springer,Landoll,2001,Landoll
077105629X,"Murder at Hockey Camp (#4) (Macgregor, Roy, Screech Owls Series.)",ROY MACGREGOR,1997,Screech Owls
771099975,As for Me and My House (New Canadian Library),Sinclair Ross,1995,New Canadian Library
785272267,"Take the Reins: A Father Teaches His Son About Life, Commitment and Spirituality",John L. Moore,1997,Thomas Nelson Inc
785272623,Boys! Shaping Ordinary Boys Into Extraordinary Men,William Beausay,1996,Nelson Books
785313168,Pocahontas Play a Sound,Walt Disney Productions,0,Publications International Ltd
786010584,Border Heat: Pasion En LA Frontera (Encanto (English)),Hebby Roman,2000,Kensington Publishing Corporation
786011920,Rough Trade,Steve Jackson,2001,Pinnacle Books
786712023,Graves Gate: A Novel of Possession,Dennis Burges,2003,Carroll &amp; Graf Publishers
786880880,Gene Roddenberry: The Myth and the Man Behind Star Trek,Joel Engel,1995,Hyperion Books
786915250,Baldur's Gate: A Novelization,Philip Athans,1999,TSR
786918357,Psionics Handbook (Dungeons &amp; Dragons Supplement),Bruce R. Cordell,2001,Wizards of the Coast
789405628,101 Essential Tips: Chicken,Anne Willan,1996,Dorling Kindersley Publishing
792457455,"The Cat Companion: The History, Culture, and Everyday Life of the Cat",Amy Shojai,1992,BDD Promotional Books Company
800707834,"In my father's house: The years before \The Hiding Place\""""",Corrie Ten Boom,1976,F. H. Revell Co
800756630,Graffiti: Devotions for Girls,J. David Schmidt,1998,Revell
800757459,Sometimes I Wake Up Grumpy . . . and Sometimes I Let Him Sleep,Karen Scalf Linamen,2001,Revell
800784812,Have You Felt Like Giving Up?,Wilkerson,1981,Baker Book House
080213338X,TRY,Dennis Cooper,1995,Grove Press
080241513X,"Valkyries: Some Through the Fire (Valkyries, Turning to Christ, a Young Woman Learns the Reali)",Jeri Massi,2003,Moody Publishers
802713319,Fermat's Enigma: The Epic Quest to Solve the World's Greatest Mathematical Problem,Simon Singh,1997,Walker &amp; Company
802731317,Hide the Baron,John Creasey,1985,Walker &amp; Company
802776256,"Mozartiana: Two Centuries of Notes, Quotes, and Anecdotes About Wolfgang Amadeus Mozart",Joseph Solman,2002,Walker &amp; Company
804108838,Searching for Caleb,Anne Tyler,1993,Ivy Books
804114862,The Dead of Jericho (Inspector Morse Mysteries (Paperback)),Colin Dexter,1997,Ivy Books
804115397,Shadow Woman (Jane Whitfield Novel),Thomas Perry,1998,Ivy Books
804209855,"Presbyterians, Their History and Beliefs",Walter Lee Lingle,1978,Westminster John Knox Press
805001166,Night Ferry to Death (An Inspector Henry Tibbett Mystery),Patricia Moyes,1986,Henry Holt &amp; Company
080504146X,Wounds of Passion: A Writing Life,Bell Hooks,1997,Henry Holt &amp; Company
806624442,Finding the Right Words: Offering Care and Comfort When You Don't Know What to Say,Wilfred Bockelman,1990,Augsburg Fortress Publishers
806905980,The Book of Paper Quilling: Techniques &amp; Projects for Paper Filigree,Malinda Johnston,1994,Sterling Pub Co Inc
806922699,Wonderful Wire Works: An Easy Decorative Craft,Mickey Baskett,2000,Sterling Publishing
806931817,Progressive Cross-Stitch: Fast to Fantastic Variations from Single Patterns,Terrece Beesley,1995,Sterling Pub Co Inc
806976810,The Living Pond: Water Gardens with Fish &amp; Other Creatures,Helen Nash,2002,Sterling Publishing
807503193,"The Amusement Park Mystery (Boxcar Children Mysteries, 25)",Gertrude Chandler Warner,1992,Albert Whitman &amp; Company
808520903,"The Two Towers (The Lord of the Rings, Part 2)",J. R. R. Tolkien,1999,Sagebrush Bound
809239140,"Pasta Menus: 52 Easy, Delicious, Complete Meals",Norman Kolpas,1993,McGraw-Hill/Contemporary Books
809239264,Unbelievably Good Deals and Great Adventures That You Absolutely Can't Get Unless You're over 50 (4th Ed),Joan Rattner Heilman,1992,Contemporary Books
809428792,Salads (The Good Cook Series),Time-Life Editors,1980,Time-Life Books
809435144,Landscaping (Home Repair and Improvement),Time-Life Books,1991,Time-Life Books
809448858,The World We Live in (A Child's First Library of Learning),Time-Life Books,1990,Time-Life Books
810956640,Portable Tyrannosaurus Rex,Abrams,2000,Harry N Abrams
811207323,Exile: Book IV of Daily Lives in Nghsi-Altai (His Daily Lives in Nghsi-Altai; Book 4),Robert Nichols,1979,New Directions Publishing Corporation
811720179,Scuba diver's guide to underwater ventures,Judy Gail May,1973,Stackpole Books
811805905,All Smiles,Bruce Velick,1995,Chronicle Books
812018524,Dictionary of Medical Terms for the Nonmedical Person (Barron's Educational),Mikel A. Rothenberg,1994,Barrons Educational Series Inc
812508491,Remember the Morning,Thomas Fleming,1998,Forge
812513428,The Hawthorne Group,Thomas Hauser,1993,Tor Books
812521188,The Sign of the Guardian,John Arthur Long,1987,Tor Books
812523334,Little Women,Louisa May Alcott,1994,Tor Books
812538935,Starswarm: A Jupiter Novel,Jerry Pournelle,1999,Tor Books
812544501,Tam Lin (The Fairy Tale Series),Pamela Dean,1992,Tor Books (Mm)
812550536,Knight &amp; Day,Ron Nessen,1996,Tor Books (Mm)
812553802,Terrarium,Scott Russell Sanders,1985,Tor Books
812562682,Final Diagnosis: A Sector General Novel,James White,1998,Tor Books
812575962,The Bishop and the Missing L Train (Blackie Ryan),Andrew M. Greeley,2001,Forge Books
812577647,Sky Knife,Marella Sands,2000,Tor Books
812588312,The Shooter,Barry Sadler,1987,Tor Books (Mm)
812910788,Cooking with Craig Claiborne and Pierre Franey,Craig Claiborne,1983,Times Books
081477556X,"Chained to the Desk: A Guidebook for Workaholics, Their Partners and Children, and the Clinicians Who Treat Them","Bryan E., Phd Robinson",2001,New York University Press
081614687X,Feather on the Moon (G. K. Hall (Large Print)),Phyllis A. Whitney,1989,G. K. Hall &amp; Company
816516502,The Mysterious Lands: A Naturalist Explores the Four Great Deserts of the Southwest,Ann Zwinger,1996,University of Arizona Press
816610215,Landscapes of Fear,I-Fu Tuan,1981,Univ of Minnesota Pr (Tx)
816708029,Moonfleet (Watermill Classics),J. Meade Falkner,1987,Troll Communications
816712085,Moby Dick (Troll Illustrated Classics),Gary Gianni,1990,Troll Communications Llc
816734615,Mel's Diner,Marissa Moss,1999,Bridgewater Books
816741379,"Along Came a Spider (Deadtime Stories , No 3)",A. G. Cascone,1996,Troll Communications
816774781,Moby Dick (Troll Illustrated Classics),Bernice Selden,2003,Troll Communications
821718029,Rebel Heart,Lauren Wilde,1986,Kensington Mass Market
821720708,Surviavlist #15 Overlord,Jerry Ahern,1987,Zebra Books
082173041X,Cold Front,William H. Lovejoy,1990,Zebra Books
821737155,Hidden Touch,Virginia Brown,1992,Zebra Books
821739263,Sweet Deception,Colleen Faulkner,1992,Zebra Books
821750410,Warrior Moon,Sara Orwig,1995,Zebra Books
821752472,Illusions,Katherine Stone,1996,Zebra Books (Mass Market)
821758942,Exquisite,Joan Overfield,1998,Kensington Pub Corp
821760432,Night Fires (Zebra Splendor Historical Romances),Linda Cook,1998,Zebra Books
821764829,A Family Affair (A Zebra Regency Romance),Cathleen Clare,2000,Kensington Publishing Corporation
821770837,Cold Day in July,Stella Cameron,2003,Zebra Books
821772554,King of Hearts: The Gamblers (Zebra Ballad Romance),Pat Pritchard,2002,Zebra Books
823040089,Perspective for Interior Designers,John Pile,1989,Watson-Guptill Publications
823073319,Landscape Graphics,Grant W. Reid,1987,Watson-Guptill Publications
823407241,Dancing Teepees: Poems of American Indian Youth,Virginia Driving Hawk Sneve,1989,Holiday House
823413284,"Snip, Snip...Snow",Nancy Poydar,1997,Holiday House
826215130,Don't Let the Fire Go Out!,Jean Carnahan,2004,University of Missouri Press
083069384X,Mastering WordPerfect 5.0,Donna M Mosich,1988,Windcrest Books
831754087,LA Cucina: The Complete Book of Italian Cooking,Myra Street,1987,Smithmark Publishers
836134648,Nurses' Notes to God,"Marian, Wilcox",1988,Herald Press (PA)
836190807,Armageddon and the Peaceable Kingdom,Walter Klaassen,1999,Herald Press (PA)
836227611,The Official Sandbagger's Handbook: A Guide to Making Money on the Golf Course the Easy Way,Bob Peck,1997,Andrews McMeel Pub
836280598,Heart Smart Cookbook,Henry Ford Heart,1994,Andrews McMeel Pub
840732228,Food for the Hungry Heart: Daily Devotions for Overeaters (Serenity Meditation Series),Cynthia Rowland McClure,1991,Thomas Nelson Inc
840734328,Are You Having Fun Yet?: How to Bring the Art of Play into Your Recovery,Carmen Renee Berry,1992,Thomas Nelson Inc
842300988,Are We Living in the End Times?,Tim Lahaye,1999,Tyndale House Publishers
842336214,The Promise Remains,Travis Thrasher,2000,Tyndale House Publishers
842343261,The Underground (Left Behind: The Kids #6),Jerry B. Jenkins,1999,Tyndale House Publishers
842355588,Beyond the Shadows,Robin Lee Hatcher,2004,Tyndale House Publishers
842384197,"End of State (Political Thriller Left Behind, 1)",Neesa Hart,2004,Tyndale House Publishers
843127155,Thieves of Nir (Dragonfire Series),Morgana Rhys,1990,Price Stern Sloan Pub (J)
843921617,The Seeing,William P. McGivern,1984,Leisure Books
843923806,Wives and Lovers,T. A. Gabriel,1986,Leisure Books
843951907,Dark Universe,William F. Nolan,2003,Leisure Books
844238015,Beginner's Italian (Teach Yourself),Vittoria Bowles,1992,NTC/Contemporary Publishing Company
847702499,La Linea Del Sol,Judith Ortiz Cofer,1996,Editorial de la Universidad de Puerto Rico
848718984,Favorite Comfort Food,Martha Stewart,1999,Leisure Arts@ Inc
849955114,Success: One Day At A Time,John Maxwell,2001,J Countryman Books
851777236,The British Battle-Fleet: Its Inception and Growth Throughout the Centuries (Conway Classics),Fred T. Jane,1997,Conway Maritime Press
854490582,Danny Hill: Memoirs of a Prominent Gentleman,Francis King,1987,Gay Men's Press
860098060,Gentleman in Love,Barbara Cartland,1986,Thorndike Pr
861013743,The Creative Book of Decorative Painting (Creative Book of Homecrafts Series),Juliet Bawden,1988,Salamander Books
862783526,Amelia,Siobhan Parkinson,1998,O'Brien Press
863040438,Caravan of Dreams,Idries Shah,1988,"Octagon Press, Limited"
863076033,New All American Color Cookbook,Mary Lambert,0,Marshall Cavendish+corp
863696821,Red Dwarf Programme Guide,Chris Howarth,1996,London Bridge
865531633,Unspeakable Acts,Jan Hollingsworth,1986,McGraw-Hill
865714452,"Visionaries: People &amp; Ideas to Change Your Life (Utne Reader Books, 2)",Jay Walljasper,2001,New Society Publishers
865776962,Speech-Language Pathology Desk Reference,"Ross J., Ph.D. Roeser",1998,Thieme Medical Publishers
866223835,Guinea Pigs a Complete Introduction,Margaret Elward,1987,TFH Publications
866361790,Non-Traditional Design: Innovative Approaches to Graphics (Library of Applied Design),Mike Quon,1992,St Martins Pr
086868127X,The lie of the land: Fiction,Michael Henderson,1991,John McIndoe Ltd
870292641,Prayer Walking: A Simple Path to Body and Soul Fitness,Linus Mundy,1995,Abbey Press
870441965,Camping adventure (Books for young explorers),William R Gray,1976,National Geographic Society
087065179X,Open Ended Stories,Velder  &amp;,1970,Pearson Prentice Hall
871133318,Stone Junction: An Alchemical Potboiler,Jim Dodge,1990,Pub Group West
871135930,Land of Opportunity: One Family's Quest for the American Dream in the Age of Crack,William M. Adler,1995,Pub Group West
871312212,Dancing Aztecs,Donald E. Westlake,1976,Natl Book Network
871920786,The photographer as designer,Vivian Varney,1977,Davis Publications
872860272,Book of Dreams,Jack Kerouac,1961,Consortium Book Sales &amp; Dist
872863077,Returning to A,Dorien Ross,1995,City Lights Publishers
872864251,Joe's Word : An Echo Park Novel (City Lights Noir),Elizabeth Stromme,2003,City Lights Books
874777283,A Different Kind of Healing: Doctors Speak Candidly About Their Successes With Alternative Medicine,Oscar Janiger,1993,Putnam Pub Group
875167098,Open Your Mind and Be Healed,Johnnie Colemon,2000,DeVorss &amp; Company
875428657,Seeds of Magick: An Expose of Modern Occult Practices,Catherine Summers,1991,Llewellyn Pubns
875966705,Annuals and Bulbs (Rodale's Successful Organic Gardening),Rob Proctor,1995,St Martins Pr
876057350,Second-Hand Dog : How to Turn Yours into a First-Rate Pet (Howell Reference Books),Carol Lea  Benjamin,1988,Howell Book House
876901666,Will You Be My Friend?,James J. Kavanaugh,1971,Penguin USA
877799164,Merriam-Webster's Spanish-English Dictionary,Merriam-Webster,2002,Merriam-Webster
877853797,Spiritual Recovery: A Twelve-Step Guide,Grant R. Schnarr,1998,Chrysalis Books
877930406,With open hands,Henri J. M Nouwen,1972,Ave Maria Press
878337997,Neil Sperry's Complete Guide to Texas Gardening,Neil Sperry,1991,Taylor Trade Publishing
878578862,50 Country Quilting Projects,Margit Echols,1990,St Martins Pr
879234180,The Hunger of Memory: The Education of Richard Rodriguez : An Autobiography,Richard Rodriguez,1982,David R Godine Pub
880013559,The Soul Is Here for Its Own Joy: Sacred Poems from Many Cultures,Robert Bly,1995,Ecco Press
881502707,The Cut Direct: A Leonidas Witherall Mystery,Phoebe Atwood Taylor,1993,Countryman Press
881768499,Learn about dinosaurs (Leap frog),Laura D'Argo,1990,New Seasons Pub
881844810,The Mammoth Book of Spy Thrillers,John Winwood,1989,Pub Group West
088270236X,Let my people grow: Ministry and leadership in the church,Michael Harper,1977,Logos International
883011034,The Adventures of Tom Sawyer,Samuel L. Clemens,1973,Pendulum Press
883445115,Two Dancers in the Desert: The Life of Charles de Foucauld,Charles Lepetit,1983,Orbis Books
883680858,Confession Brings Possession,Don Gossett,1996,Anchor Distributors
884113027,Inside Benchley,Robert Benchley,1983,Amereon Ltd
884114333,The case of the backward mule,Erle Stanley Gardner,1977,Aeonian Press
886774446,The Madness Season,C.S. Friedman,1991,Daw Books
886778891,"Brightly Burning (Daw Books Collectors, No. 1150)",Mercedes Lackey,2000,Daw Books
886822998,The Fillyjonk Who Believed in Disasters (Creative Short Stories),Tove Jansson,1990,Creative Education
887305245,The Icarus Paradox: How Exceptional Companies Bring About Their Own Downfall,Danny Miller,1992,Harpercollins
887801072,"Boys, Bombs and Brussels Sprouts (Goodread Biographies)",J. Douglas Harvey,1983,Goodread Biography
888784090,Ondine's Curse,Steven Manners,2000,Porcepic Books
889841578,Portraits of Flowers: Wood Engravings,G. Brender a Brandis,1995,Porcupine's Quill
890812314,Scars and Stripes,Eugene B. McDaniel,1980,"Harvest House Publishers, Inc."
891344276,Tony Couch's Keys to Successful Painting,Tony Couch,1992,F &amp; W Pubns
089296765X,Dead Midnight (Sharon McCone Mysteries (Hardcover)),Marcia Muller,2002,Mysterious Press
893752444,Sea Monsters: Ancient Reptiles That Ruled the Sea,David Eldridge,1987,Troll Communications Llc
893811289,Aperture Issue 92 (Fine Photography Series),Ray Metzker,1984,Aperture
895652056,Love (Values to Live By),Jane Belk Moncure,1981,Childs World
895774178,Little Bear's New Friend (Little Animal Adventures),Muriel Pepin,1992,Simon &amp; Schuster Merchandise &amp;
895990415,People of the Andes (Exploring the Ancient World),James B. Richardson,1994,Smithsonian Books
897210107,All about Ground Covers (Ortho's All about),Ortho Books,1991,Ortho Books
898280524,How Many?,Tony Tallarico,1983,Tuffy Books
898793718,Deadly Doses: A Writer's Guide to Poisons (Howdunit Series),Serita Deborah Stevens,1990,Writer's Digest Books
898867398,Nanda Devi: The Tragic Expedition,John Roskelley,2000,Mountaineers Books
908802641,Mountain Solitudes: Solo Journeys in the Southern Alps of New Zealand,Aat Vervoorn,2000,Craig Potton Publishing
911226192,Frogs into Princes: Neuro Linguistic Programming,Richard Bandler,1979,Nlp Comprehensive
912365846,Seattle Survival Guide II: The Essential Handbook for Urban Living,Theresa Morrow,1993,Sasquatch Books
913515493,Vanishing Florida: A Personal Guide to Sights Rarely Seen,David T. Warner,2001,River City Publishing
914697757,The New American Kitchen Garden,Shepherd Ogden,1997,National Home Gardening Club
915166100,Your Perfect Right: A Guide to Assertive Living,Robert E. Alberti,1990,Impact Pub
915473135,"Acog Guide to Planning for Pregnancy, Birth, and Beyond",Not Applicable (Na ),1990,Amer College of Obstetricians &amp;
919345808,Natural Magic,Doreen Valiente,1985,Phoenix Publishing (WA)
920656404,Mammals of the Canadian wild,Adrian Forsyth,1985,Firefly Books [distributor]
920852386,Customs and Traditions of the Canadian Navy,Graeme Arbuckle,1985,Down East Books
922066779,Dare to Dream/Tragedy and Triumph: The Heroic Struggle of an Olympic Champion,Tim Daggett,1992,Baker Pub Group
932194338,Consider the Change: The Choice Is Yours,Lee Silverstein,1986,Hci
938294091,The Rampa Story,T. Lobsang Rampa,1992,Inner Light - Global Communications
941969010,A Rambler's Guide to the Trails of the East Bay Hills/Map: Northern Section,Gerald Olmsted,1992,Olmsted Brothers Map Company
943497671,Becoming Orthodox: A Journey to the Ancient Christian Faith,Peter E. Gillquist,1990,Thomas Nelson Inc
945465386,22 Days in Great Britain: The Itinerary Planner,Rick Steves,1989,John Muir Publications
946819475,Decorative Woodcarving,Jeremy Williams,1994,Guide of Master Craftman
947062939,Galax-arena,Gillian Rubinstein,1993,Hyland House
952655551,Richard Briers' Green Life Directory,N. Jewell,2000,Kingsley Media Ltd
963784617,Quietus,Vivian Schilling,2002,Hannover House USA
964897113,Cracking the Love Code,Janet O'Neal,1996,Wolf &amp; Madison Pub.
966347374,The Perpetrators,Gary Phillips,2002,UglyTown
966809602,"Chippendales, The Naked Truth",Troy Kline,1998,Pacifica Pub
967605067,The Drum of Immortality,Hugh Fincher,2000,Lucky Press
097045760X,The Unseen Battle,Donna A. Hubbard,2000,New Life Publishers
971922152,Anatomy of A Life Possessed,Maria Ferrara Pema,2002,Winner Episode Press
972556451,Tantalus Zero,Marshall Moore,2004,Libertine Media
140007567X,The Whole Story and Other Stories,ALI SMITH,2004,Anchor Pub
1402701942,BrainStrains Power Puzzles: 240 Mind-Blowing Challenges,Paul Sloane,2002,Sterling
141077953X,The Hunt Is Away,D. Forrester Newhall,2003,Authorhouse
155054926X,Good News for a Change: How Everyday People are Helping the Planet,David T. Suzuki,2003,Greystone Books
1551665123,Part of the Bargain,Linda Lael Miller,1999,Mira Books
1551665743,Mackenzie'S Mountain,Linda Howard,2000,Mira
1551668580,Beyond Tomorrow,Fern Michaels,2001,Mira
1551925680,Stay,Aislinn Hunter,2002,Raincoast Books
1552975541,Carnations and Pinks,Pamela McGeorge,2002,Firefly Books Ltd
1555604072,Wings of Fortune: Pirate's Gold (Crimson Skies),Stephen Kenson,2000,McGraw Hill - NTC
1555610900,Quick After-Work Vegetarian Cookbook,Judy Ridgway,1996,Perseus Publishing
1556121296,The God of Ordinary People,Sean Caulfield,1988,Sheed and Ward
1556617143,The Kingdom of the Cults,Walter Martin,1997,Bethany House Publishers
1557044686,The Words of Gandhi,Gandhi,2001,Newmarket Press
1557850879,The Pirates of Zan,Murray Leinster,1989,Bart Books
1558020292,Brothers in Arms (Brothers in Arms),Courtney Bishop,1988,Lynx Books
1558322639,A Baker's Field Guide to Christmas Cookies,Dede Wilson,2003,Harvard Common Press
1558746463,Chicken Soup for the Couple's Soul (Chicken Soup for the Soul),Jack Canfield,1999,HCI
1559949856,Fashionably Late,Olivia Goldsmith,1994,Harper Audio
1560232234,To the Edge,Cameron Abbott,2001,Alice Street Editions
1560250453,"Contract Killer: The Explosive Story of the Mafia's Most Notorious Hitman Donald \Tony the Greek\"" Frankos""",William Hoffman,1993,Pub Group West
156027462X,Private Pilot for Airplane Single-Engine Land and Sea Practical Test Standards: #FAA-S-8081-14A (single),Federal Aviation Administration,2003,Aviation Supplies &amp; Academics
1561441635,The Night Before Christmas (Fun-to-Read Fairy Tales),Clement Clarke Moore,1992,Modern Publishing
1561632074,"The Adventures of a Lesbian College School Girl (The Adventures of a Lesbian College School Girls , Vol 1)",Petra Waldron,1998,Amerotica
156170640X,Healing With the Angels: How the Angels Can Assist You in Every Area of Your Life,Doreen Virtue,1999,Hay House
1561734829,Colors (Active Minds),George Siede,1993,Publications International
156247765X,High Hopes for Addy (American Girls Short Stories),Connie Rose Porter,1999,Pleasant Company Publications
1562800868,The First Time Ever: Love Stories by Naiad Press Authors,Barbara Grier,1995,Naiad Pr
1562924494,Simply Romantic Ideas: 150 Fun and Creative Ways to Romance Your Wife,Dennis Rainey,1999,Cook Communications Ministries intl
1563137593,Grand Canyon National Park: A Photographic Natural Hisotry,Robert Hutchinson,1995,Browntrout Publishers
1564563111,"In whose best interest?: One child's odyssey, a nation's responsibility",John Seita,1996,Continental Press
156504844X,On a Darkling Plain (The World of Darkness),Richard Lee Byers,1995,White Wolf Pub
1566047390,Official Netscape Communicator 4 Professional Edition Book,Phil James,1997,Ventana Communications Group
1566630185,After Many a Summer Dies the Swan,Aldous Huxley,1993,Ivan R. Dee Publisher
1566631300,Wittgenstein in 90 Minutes (Philosophers in 90 Minutes),Paul Strathern,1990,Ivan R. Dee Publisher
1566890314,Your Name Here,Cris Mazza,1995,Coffee House Press
156731001X,"The Fixer, the Natural, the Assistant",Bernard Malamud,1997,Fine Communications
1568655878,Petals on the River,Kathleen E. Woodiwiss,1997,GuildAmerica Books
1568956886,Palindrome (Wheeler Large Print Book Series (Paper)),Stuart Woods,1998,Wheeler Publishing
1569471517,Ghost Children (Adrian Mole Diaries),Sue Townsend,1999,Soho Press
1569873291,Who's a Goblin?,Dandi Daley Mackall,1995,Landoll
1570282323,Pro Football Trivia,Bob  Gill,1998,McGraw-Hill
1570426864,Stepmom,Maggie Robb,1998,Time Warner Audio Major
1570545294,"Painted Rocks (With Sticker, Paint Brush and Paint Pots)",Klutz,2000,Klutz Press
1570620210,Enlightened Journey : Buddhist Practice as Everyday Life,TULKU THONDUP,1995,Shambhala
1570640467,Barney's Halloween Party,Mary Ann Dudko,1996,Barney Publishing
1570642397,Barney &amp; Baby Bop Go to the Restaurant (Go To... (Barney)),Maureen M. Valvassori,1998,Barney Publishing
1570715823,And the Fans Roared: The Sports Broadcasts That Kept Us on the Edge of Our Seats (Book + 2 Audio CDs),Joe Garner,2000,Sourcebooks
1570825653,Who Hid the Honey?: Roly Poly Lift the Flaps (Lift the Flaps.),Lisa Ann Marsoli,1997,Disney Press
1572972084,"Kenobi's Blade (Star Wars: Junior Jedi Knights, Book 6)",Rebecca Moesta,1997,Berkley Publishing Group
1573226963,The Last Time I Wore a Dress,Daphne Scholinski,1998,Riverhead Books
1573228249,How to Be a Chicana Role Model,Michele Serros,2000,Riverhead Books
157366099X,Soul Resin,C. W. Cannon,2002,Fiction Collective Two
1575421135,You're Smarter Than You Think: A Kid's Guide to Multiple Intelligences,"Thomas, Ph.D. Armstrong",2002,Free Spirit Publishing
1575662086,"Darling Jasmine (Small, Bertrice. Glenkirk Chronicles.)",Bertrice Small,1997,Kensington Pub Corp
1575662442,Country Comes to Town: A Laura Fleming Mystery (Laura Fleming Mystery),Toni L. P. Kelner,1998,Kensington Publishing Corporation
1575663414,Never Let Me Go,Tim Kincaid,1998,Kensington Publishing Corporation
1575664216,To Have and to Hold: How to Take Off the Weight When Marriage Puts on the Pounds,Edward Abramson,1999,Kensington Publishing Corporation
1576733521,The Invitation (Mustard Seed),Nancy Moser,1999,Multnomah
1576734587,"On Becoming Baby Wise: Learn How over 500,000 Babies Were Trained to Sleep Through the Night the Natural Way",Gary Ezzo,1998,Multnomah Pub
1577346823,A Star in Winter: A Novel,Anita Stansfield,2000,Covenant Communications
1577780353,Lay Aside the Weight,T. D. Jakes,1997,Bethany House Publishers
1579546889,Not Fade Away,Laurence Shames,2003,Rodale Books
1579660371,Rough As a Cob: More from the Juliette Journals,Ed Williams,2003,River City Publishing
1579660428,My Mother's Witness: The Peggy Morgan Story,Carolyn Haines,2003,River City Press
1580080081,What Color Is Your Parachute? 1999: A Practical Manual for Job-Hunters &amp; Career-Changers (Paper),Bolles Richard Nelson,1998,Ten Speed Pr
1582293082,Shoofly Pie: A Bug Man Novel (Where Your Faith Finds a Friend),Tim Downs,2003,Howard Publishing Company
1582430292,Jayber Crow: A Novel,Wendell Berry,2000,Counterpoint Press
1582430608,Why Did I Ever: A Novel,Mary Robison,2001,Counterpoint Press
1583224904,Terrorism: Theirs and Ours,Eqbal Ahmad,2001,Seven Stories Press
1583487298,The Trade-Off,Sheila Lawrence,2000,iUniverse.com
1585420611,"Women Can't Hear What Men Don't Say: Destroying Myths, Creating Love",Warren Farrell Ph.D.,2000,Jeremy P. Tarcher
1585742074,"Pearls of Kitchen Wisdom: Tips, Shortcuts, and Recipes from a Country Home",Deborah S. Tukua,2001,The Lyons Press
1586601121,Tails of Love: Pets Play Matchmaker in Four Modern Love Stories,Lauralee Bliss,2001,Barbour Publishing
1587886537,The Villa,Nora Roberts,2002,Paperback Nova Audio
1590520661,Passing into Light,Sharon Ewell Foster,2003,Multnomah Publishers
1740591623,Lonely Planet Japan (Lonely Planet Japan),Chris Rowthorne,2003,Lonely Planet Publications
1840184388,Blaggers: Adventures Inside the Sun-Kissed but Murky World of Holiday Timeshare,Barry Ley,2001,"Mainstream Publishing Company, Ltd."
1841070521,Highlands of Scotland (Colin Baxter gift book series),Colin Baxter,2000,C. Baxter Photography
1841190896,Mammoth Book of Seriously Comic Fantasy (Mammoth),Mike Ashley,1999,Constable and Robinson
1841581283,The complete patter,Michael Munro,2001,Birlinn
1841581410,This Accursed Land,Lennard Bickel,2001,Birlinn Limited
1851491627,Camp David: Nonsense in Art,Simon Drew,1992,Antique Collectors' Club
1853262188,Madam Crowl's Ghost &amp; Other Stories,S. Le Fanu,1999,Lb May &amp; Assoc Inc
1853267317,Bliss &amp; Other Stories (Wordsworth Collection),Katherine Mansfield,1999,NTC/Contemporary Publishing Company
185471063X,The Observer's Book of Pond Life,John Clegg,1996,Godfrey Cave / Claremont
1855383640,"In Tune With the Infinite: Fullness of Peace, Power and Plenty",Ralph Waldo Trine,1995,Natl Book Network
1855855348,Pocket Guide to Wild Flowers of North America,Pamela Forey,0,Trafalgar Square
1856056236,Bodies of Evidence,Brian Innes,0,Bookmart
185619311X,Telling Stories,Valerie Windsor,1993,Sinclair Stevenson
1857157095,Erotic Poems (Everyman's Library Pocket Poets),Peter Washington,1994,Everyman Publishers
1858287200,The Rough Guide to Venice and the Vento (Rough Guide Venice),Johathan Buckley,2001,Rough Guides Limited
1875847243,True stories: Selected non-fiction,Helen Garner,1996,Text Pub
1878067583,Egalia's Daughters: A Satire of the Sexes (Women in Translation),Gerd Brantenberg,1995,Seal Press (WA)
1878818937,Wild With It Poems: Poems,Aliki Barnstone,2002,University Press of New England
1879505444,"The Screenwriter's Bible: A Complete Guide to Writing, Formatting, and Selling Your Script",David Trottier,1998,Silman-James Press
1884822355,1001 Cookie Recipes,Gregg R. Gillespie,1995,Black Dog &amp; Leventhal Publishers
188521121X,Travelers' Tales - Women in the Wild,Lucy McCauley,1998,Travelers' Tales Guides
1885418213,The Hereafter Gang,Neal Barrett Jr.,1999,Mojo Press
1887368256,Are You Loathsome Tonight?: A Collection of Short Stories,Poppy Z. Brite,2000,Gauntlet Press
1887368566,Right to Life: And 2 Stories,Jack Ketchum,2002,Gauntlet Press
1888889047,Pushcart's Complete Rotten Reviews &amp; Rejections,Bill Henderson,1998,Pushcart Press
1891400274,"I Wasn't Ready to Say Goodbye: Surviving, Coping and Healing After the Sudden Death of a Loved One",Brook Noel,2000,Champion Press Ltd
1893115941,User Interface Design for Programmers,Joel Spolsky,2001,APress
1893896838,Immortal Image,Jaye Roycraft,2003,Imajinn Books
1896944078,Morevi: The Chronicles of Rafe and Askana,Lisa Lee,2002,Dragon Moon Press
1901388530,Wages of Sin,Kate Benedict,2001,Chimera Publishing
1903980305,"Encyclopedia Divine, Fey Magic: Dreaming the Reverie",Chad Brunner,2002,Mongoose Publishing
1928832598,Surprised by Truth 3: 10 More Converts Explain the Biblical and Historical Reason for Becoming Catholic,Patrick Madrid,2002,Sophia Institute Press
1929462093,Sluggy Freelance: Game Called on Account of Naked Chick (Book 4),Pete Abrams,2000,Plan Nine Pub
1931561338,The Average Human: A Novel,Ellen Toby-Potter,2003,MacAdam/Cage Publishing
2020063492,Zig-zag: Roman (Collection Points. SÃ©rie Point-virgule),Alain Cahen,1983,Seuil
2020551306,LA Vie Sexuelle De Catherine M.,Catherine Millet,2002,Distribooks Inc
2070368491,Loin de Rueil,Raymond Queneau,1977,Gallimard
2070376559,La Marquise Des Ombres,Hermary-Vieille,0,Editions Flammarion
2070403920,Autumn,Philippe Delerm,0,Gallimard French
2070407195,"Chroniques. 1, Le progrÃ?Â¨s fait rage",Philippe Meyer,2000,Gallimard
208068454X,Je ne suis pas amoureuse,Anne Casanova,2003,Flammarion
2207247899,Les guerriers du Grand CrÃ?Â¢ne,D Morlok,1998,DenoÃ?Â«l
2221064526,Les mousquetaires (Les Grands romans d'Alexandre Dumas),Alexandre Dumas,1991,R. Laffont
2226048677,A la poursuite d'Octobre rouge,Tom Clancy,1990,Albin Michel
2253001457,Vipere Au Poing,Herve Bazin,0,Livre De Poche French
2253002828,"ArsÃ?Â¨ne Lupin, gentleman-cambrioleur",Maurice Leblanc,1973,LGF
2253051349,Le DÃ?Â©mon du passÃ?Â©,Mary Higgins Clark,1989,LGF
226403145X,Illuminations et nuits blanches,Carson McCullers,2001,Editions 10/18
2290045764,Extension Du Domain De La Lutte,Michel Houellebecq,2002,European Book Co
2290049530,La mission des flammes,Louis-StÃ?Â©phane Ulysse,1999,J'ai lu
2290309621,Dans le torrent des siecles,Clifford D. Simak,2000,J'ai lu
2841469123,Sanctions et discipline a l ecole,Collectif,2001,Syros la DÃ?Â©couverte
2841861015,Menace sur Internet: Des groupes subversifs et terroristes sur le Net,GrÃ©gory Destouche,1999,Michalon
2857044704,Les semeurs de la pleine lune: Roman,AndrÃ© Dubreuil,1995,Pygmalion/GÃ©rard Watelet
3150096561,GesprÃ?Â¤che ( Lun- Yu).,Konfuzius,1998,"Reclam, Ditzingen"
3150097142,Was ist AufklÃ¤rung?: Thesen u. Definitionen (Universal-Bibliothek),Ehrhard Bahr,1974,Reclam
3251004050,"\Mind-boggling\""--Evening Post: Kolumnen Nr. 96-108, some other stuff, acht unpaginierte Farbseiten, etliche s/w-Abbildungen, sowie Zeichnungen von Katz und Goldt""",Max Goldt,1998,Haffman
3257061773,RÃ¶slein rot: Roman,Ingrid Noll,1998,Diogenes
325721605X,Eine Mittelgewichts - Ehe. Roman.,John Irving,1988,Diogenes Verlag
3257224915,Owen Meany. Roman.,John Irving,1992,Diogenes Verlag
3257228589,Davids Rache.,Hans Werner Kettenbach,1996,Diogenes Verlag
3404603974,Ich stand auf Schindlers Liste. Lebenswege der Geretteten.,Elinor J. Brecher,1995,LÃ?Â¼bbe
3423070129,Der Adler der Neunten Legion,Rosemary Sutcliff,1971,Dtv
3423092440,Alice Im Wunderland: Alice in Wonderland/Alice Im Wunderland,Lewis Carroll,1996,Deutscher Taschenbuch Verlag (DTV)
3423110015,Lyrische Hausapotheke,Erich Kastners,1999,Deutscher Taschenbuch Verlag (DTV)
3423119527,Indisches NachtstÃ?Â¼ck und ein Briefwechsel.,Antonio Tabucchi,1994,Dtv
3423203277,Beim nÃ?Â¤chsten Film wird alles anders. Der Movie- Guide fÃ?Â¼r Frauen.,Doris Kuhn,2000,Dtv
3423704438,Glitzerkatze und Stinkmaus. ( Ab 7 J.).,Andreas SteinhÃ?Â¶fel,1997,Dtv
3426195623,Der Club der Engel.,Luis Fernando Verissimo,2001,Droemer Knaur
3442152038,Im RÃ?Â¼cken steckt das Messer. Geschichten aus der Gerichtsmedizin.,Hans Bankl,2003,Goldmann
3442451906,Das nackte Gesicht. Roman.,Sidney Sheldon,2002,Goldmann
3442541697,Auf dÃ?Â¼nnem Eis.,Jenny Siler,2002,Goldmann
3453053192,"Jenseits Von Afrika (Fiction, Poetry and Drama)",Blixen,0,Wilhelm Heyne Verlag GmbH &amp; Co KG
3453082435,GefÃ?Â¤hrliche Verstrickung.,Nora Roberts,1995,Heyne
3453199081,Der Elektrische MÃ?Â¶nch. Dirk Gently's Holistische Detektei.,Douglas Adams,2001,Heyne
3455103022,Deutschland umsonst. Zu Fuss und ohne Geld durch ein Wohlstandsland.,Michael Holzach,2001,Hoffmann &amp; Campe
3456829167,EinfÃ?Â¼hrung in die Psycho- Onkologie.,Fritz Meerwein,1998,"Huber, Bern"
3462019279,"Der Sturz des DÃ¤dalus, oder, Eizes fÃ¼r die Eingeborenen der Fidschi-Inseln Ã¼ber den IM Judas Ischariot und den Kuddelmuddel in Deutschland seit dem Golfkrieg (KiWi)",Wolf Biermann,1992,Kiepenheuer &amp; Witsch
3473520160,1000 Gefahren. Die Spur des BÃ?Â¤ren. ( Ab 10 J.).,R. A. Montgomery,1996,Ravensburger Buchverlag
3473520845,Die kleine Eule. ( Ab 8 J.).,Jill Tomlinson,1997,Ravensburger Buchverlag
3476018733,Glenn Gould. Oder die Kunst der Interpretation.,Kevin Bazzana,2002,Metzler
3499134039,"Schade, daÃ?Â? du nicht tot bist. Ein Fall fÃ?Â¼r Mrs. Murphy.",Rita Mae Brown,1994,Rowohlt Tb.
3499192497,Programmiersprache Assembler. Eine strukturierte EinfÃ?Â¼hrung.,Reiner Backer,2002,Rowohlt Tb.
349920326X,"Wer Hat Dich, Du Schoner Wald...",Marcks,0,Rowohlt Taschenbuch Verlag GmbH
3502122865,Der magische Kubus.,Annie Gottlieb,2002,Scherz
3518372408,Terminus und andere Geschichten vom Piloten Pirx.,Stanislaw Lem,1996,Suhrkamp
3548256503,Seeteufel. Abenteuer aus meinem Leben.,Felix Graf von Luckner,2002,Ullstein Tb
3548346839,Mein Weltbild.,Albert Einstein,1998,Ullstein Buchverlage GmbH &amp; Co. KG / Ullstein Tas
3570190269,Wahnsinn Wachstum. Wieviel Mensch ertrÃ?Â¤gt die Erde.,Reiner Klingholz,1994,Gruner &amp; Jahr
3570500284,No Logo.,Naomi Klein,2002,Riemann Verlag
3596147832,Das Haus der Harmonie.,Barbara Wood,2000,"Fischer (Tb.), Frankfurt"
3596150434,Der Taucher und das Weh der See. Bekanntschaften mit Menschen und Tieren.,Alfred Kerr,2001,"Fischer (Tb.), Frankfurt"
3596221897,Im Atemhaus wohnen: Gedichte,Rose AuslÃ¤nder,1988,Fischer Taschenbuch Verlag
3629016642,Feuer des Herzens. Briefe an eine Freundin.,Susanna Tamaro,2003,Pattloch
3746618533,Die Namenlosen.,HansjÃ?Â¶rg Schertenleib,2002,Aufbau Tb
3762604460,Das neue Bach - BlÃ?Â¼ten- Buch.,GÃ?Â¶tz Blome,2002,Vak-Verlag
3775120661,Bevor du Ja sagst,Harry MÃ?Â¼ller,2001,HÃ?Â¤nssler
3791535560,Heimatlos. ( Ab 12 J.).,Hector Malot,1996,Dressler Verlag
3802512685,"Ein ganz besonderer Saft, Urin.",Carmen Thomas,1997,Vgs Verlagsges.
3810506338,Hannas TÃ?Â¶chter.,Marianne Fredriksson,1997,"KrÃ?Â¼ger, Frankfurt"
3822812862,Dessous (TASCHEN Icons Series),Gilles Neret,2001,Taschen
3822895628,Alfons Mucha,Taschen Publishing,1997,Benedikt Taschen Verlag
3822896330,Roy Lichtenstein (Basic Series),Janis Hendrickson,1996,Benedikt Taschen Verlag
8321803059,Autopsja czyli dziennik kryzysu,Jacek Krakowski,1984,Wydawn. Â¡Ã³dzkie
8401442230,Rey de gatos (Rotativa ; 215 : Novela),Concha AlÃ³s,1979,Plaza &amp; JanÃ©s
8401490774,Dinastia/Dynasty,Eileen Lottman,1986,Lectorum Pubns (Adult)
8408014692,"Muera la inteligencia! Viva la muerte!: Salamanca, 1936, Unamuno y MillÃ¡n Astray frente a frente (Memoria de la historia)",Carlos Rojas,1995,Planeta
8408032143,"Faraon Negro, El",Christian Jacq,1999,Planeta
8408044141,El Imperio De Las Tinieblas. LA Reina Libertad I,Christian Jacq,2002,Planeta
8423901122,Abel Sanchez,Miguel De Unamuno,1998,Continental Book Co Inc
8423974049,Historia de Una Escalera,Antonio Buero Vallejo,1975,Continental Book Co Inc
8429434895,El oro de los sueÃ±os (Leer en espaÃ±ol nivel 4),Jose Maria Merino,1998,Santillana USA Publishing Company
8432035041,Les aventures del cavaller Kosmas (ColÂ¨lecciÃ³ Ramon Llull. SÃ¨rie NovelÂ¨la),Juan Perucho,1981,Planeta
8433966324,Sostiene Pereira,Antonio Tabucchi,1999,Anagrama
843502704X,Principios de La Filosofia del Derecho,Georg Wilhelm Friedri Hegel,2000,Edhasa
8440652410,"Muerte De Un Forense (Fiction, Poetry and Drama)",James,0,"Ediciones B, SA"
8440672179,"Efecto Practica, El",David Brin,1999,Ediciones B
8440685955,El Orgullo del Espiritu,Rosemary Altea,1998,Ediciones B
8474237297,Panfleto desde el planeta de los simios (Las letras de drakontos),Manuel VÃ¡zquez MontalbÃ¡n,1995,CrÃ­tica Grijalbo Mondadori
8483100711,La Cuarentena,J.M.G. Le Clezio,2002,Tusquets
8486036615,Vocabulario bÃ¡sico bilingÃ¼e: AragonÃ©s-castellano y castellano-aragonÃ©s (Puens enta ra parola),Antonio MartÃ­nez Ruiz,1997,Publicazions d'o Consello d'a Fabla Aragonesa
8486344913,Amate a TI Mismo: Cambiaras Tu Vida : Manual De Trabajo/141,Louise L. Hay,1992,Ediciones Urano
8489847487,"Guardias Civiles, Esos Ciudadanos Uniformados: 25 A~nos de Lucha Por La Democratizacion y El Asociacionismo En La Guardia Civil, 1976-2001: 25 Visione",Fernando Carrillo,2001,Germania
8497161637,Pequeno Tratado de Accion,Denise Desjardins,2003,Olaneta
8804453257,Itaca Per Sempre,Luigi Malerba,1999,Mondadori (IT)
8804484128,Scomparsa Di Pato,Andrea Camilleri,0,Mondadori Italian
9023405145,Wat enigjes (BB literair),Marten Toonder,1975,De Bezige Bij
9500285738,Los Viajes de Gulliver,Martin Hargreaves,2001,El Ateneo
958704049X,El hombre duplicado,Jose Saramago,2002,"Alfaguara Ediciones, S.A. (Spain)"
9657193125,Let My People Go!,Tom Hess,2004,Progressive Vision International
9682319013,Las Palabras Andantes,Eduardo Galeano,1994,"Siglo XXI Editores, S. A. de C. V."
972210375X,Historia Do Cerco De Lisboa,Jose Saramago,1989,Editorial Caminho
9838523283,Trilogi Khadijah Hashim,Khadijah Hashim,1999,'K' Pub
987960170X,Kolon,Raul Alberto Lilloy,1996,Ediciones Riverrum
